x-axis,1,2
second,Volt,Volt
-24.98000E-03,+8.04020107E+00,+7.23618096E+00
-24.95500E-03,+8.04020107E+00,+6.83417091E+00
-24.93000E-03,+7.83919604E+00,+6.83417091E+00
-24.90500E-03,+8.04020107E+00,+7.23618096E+00
-24.88000E-03,-16.68341722E+00,+6.83417091E+00
-24.85500E-03,-16.28140716E+00,+5.62814075E+00
-24.83000E-03,-15.67839208E+00,+4.42211059E+00
-24.80500E-03,-14.87437198E+00,+3.21608043E+00
-24.78000E-03,-14.27135690E+00,+2.41206032E+00
-24.75500E-03,-14.07035187E+00,+1.20603016E+00
-24.73000E-03,-13.66834182E+00,+402.01005E-03
-24.70500E-03,-13.26633176E+00,-804.02011E-03
-24.68000E-03,-12.86432171E+00,-804.02011E-03
-24.65500E-03,-12.46231166E+00,-1.60804021E+00
-24.63000E-03,-12.06030160E+00,-2.01005027E+00
-24.60500E-03,-11.85929658E+00,-2.41206032E+00
-24.58000E-03,-11.65829155E+00,-3.21608043E+00
-24.55500E-03,-11.45728652E+00,-3.21608043E+00
-24.53000E-03,-11.05527647E+00,-4.02010053E+00
-24.50500E-03,-10.85427144E+00,-4.42211059E+00
-24.48000E-03,-10.85427144E+00,-4.42211059E+00
-24.45500E-03,-10.45226139E+00,-4.42211059E+00
-24.43000E-03,-10.65326641E+00,-4.82412064E+00
-24.40500E-03,-10.25125636E+00,-5.22613069E+00
-24.38000E-03,-10.25125636E+00,-5.62814075E+00
-24.35500E-03,-10.25125636E+00,-6.03015080E+00
-24.33000E-03,-9.84924631E+00,-6.03015080E+00
-24.30500E-03,-9.84924631E+00,-6.03015080E+00
-24.28000E-03,-9.64824128E+00,-6.03015080E+00
-24.25500E-03,-9.64824128E+00,-6.03015080E+00
-24.23000E-03,-9.64824128E+00,-6.43216085E+00
-24.20500E-03,-9.44723625E+00,-6.83417091E+00
-24.18000E-03,-9.44723625E+00,-6.83417091E+00
-24.15500E-03,-9.44723625E+00,-6.83417091E+00
-24.13000E-03,-9.24623123E+00,-6.83417091E+00
-24.10500E-03,-9.44723625E+00,-6.83417091E+00
-24.08000E-03,-9.44723625E+00,-7.23618096E+00
-24.05500E-03,-9.24623123E+00,-7.23618096E+00
-24.03000E-03,-9.04522620E+00,-6.83417091E+00
-24.00500E-03,-9.04522620E+00,-7.23618096E+00
-23.98000E-03,-8.84422117E+00,-7.23618096E+00
-23.95500E-03,-9.04522620E+00,-7.23618096E+00
-23.93000E-03,-8.84422117E+00,-7.23618096E+00
-23.90500E-03,-9.04522620E+00,-7.23618096E+00
-23.88000E-03,-8.84422117E+00,-7.23618096E+00
-23.85500E-03,-8.84422117E+00,-7.63819101E+00
-23.83000E-03,-9.04522620E+00,-7.63819101E+00
-23.80500E-03,-9.04522620E+00,-7.63819101E+00
-23.78000E-03,-9.04522620E+00,-7.63819101E+00
-23.75500E-03,-9.04522620E+00,-7.63819101E+00
-23.73000E-03,-8.84422117E+00,-7.63819101E+00
-23.70500E-03,-9.04522620E+00,-7.23618096E+00
-23.68000E-03,-9.04522620E+00,-7.23618096E+00
-23.65500E-03,-9.04522620E+00,-7.23618096E+00
-23.63000E-03,-8.84422117E+00,-7.63819101E+00
-23.60500E-03,-9.04522620E+00,-7.23618096E+00
-23.58000E-03,-9.04522620E+00,-7.63819101E+00
-23.55500E-03,-8.84422117E+00,-7.23618096E+00
-23.53000E-03,-8.84422117E+00,-7.63819101E+00
-23.50500E-03,-9.04522620E+00,-7.23618096E+00
-23.48000E-03,-8.84422117E+00,-7.63819101E+00
-23.45500E-03,-8.84422117E+00,-7.63819101E+00
-23.43000E-03,-9.04522620E+00,-7.23618096E+00
-23.40500E-03,-8.84422117E+00,-7.63819101E+00
-23.38000E-03,-8.84422117E+00,-8.04020107E+00
-23.35500E-03,-8.84422117E+00,-7.23618096E+00
-23.33000E-03,-8.84422117E+00,-7.63819101E+00
-23.30500E-03,-8.84422117E+00,-7.63819101E+00
-23.28000E-03,-8.84422117E+00,-7.63819101E+00
-23.25500E-03,-8.84422117E+00,-7.63819101E+00
-23.23000E-03,-8.84422117E+00,-7.63819101E+00
-23.20500E-03,-8.84422117E+00,-7.63819101E+00
-23.18000E-03,-8.84422117E+00,-7.63819101E+00
-23.15500E-03,-8.84422117E+00,-7.63819101E+00
-23.13000E-03,-8.84422117E+00,-7.63819101E+00
-23.10500E-03,-8.84422117E+00,-7.63819101E+00
-23.08000E-03,-8.84422117E+00,-7.63819101E+00
-23.05500E-03,-8.84422117E+00,-7.23618096E+00
-23.03000E-03,-8.84422117E+00,-7.63819101E+00
-23.00500E-03,-8.84422117E+00,-7.63819101E+00
-22.98000E-03,-8.84422117E+00,-7.63819101E+00
-22.95500E-03,-8.84422117E+00,-7.63819101E+00
-22.93000E-03,-8.84422117E+00,-7.63819101E+00
-22.90500E-03,-8.84422117E+00,-7.23618096E+00
-22.88000E-03,-9.04522620E+00,-7.63819101E+00
-22.85500E-03,-8.84422117E+00,-7.63819101E+00
-22.83000E-03,-8.84422117E+00,-7.23618096E+00
-22.80500E-03,-8.84422117E+00,-7.63819101E+00
-22.78000E-03,-8.84422117E+00,-7.63819101E+00
-22.75500E-03,-8.84422117E+00,-8.04020107E+00
-22.73000E-03,-8.84422117E+00,-7.63819101E+00
-22.70500E-03,-8.84422117E+00,-7.23618096E+00
-22.68000E-03,-8.84422117E+00,-7.63819101E+00
-22.65500E-03,-8.84422117E+00,-7.63819101E+00
-22.63000E-03,-8.84422117E+00,-8.04020107E+00
-22.60500E-03,-8.84422117E+00,-7.63819101E+00
-22.58000E-03,-8.64321615E+00,-7.23618096E+00
-22.55500E-03,-8.84422117E+00,-7.63819101E+00
-22.53000E-03,-8.64321615E+00,-7.63819101E+00
-22.50500E-03,-8.64321615E+00,-7.63819101E+00
-22.48000E-03,-8.84422117E+00,-7.63819101E+00
-22.45500E-03,-8.84422117E+00,-7.23618096E+00
-22.43000E-03,-8.64321615E+00,-7.63819101E+00
-22.40500E-03,-8.84422117E+00,-7.63819101E+00
-22.38000E-03,-8.84422117E+00,-7.63819101E+00
-22.35500E-03,-8.84422117E+00,-7.63819101E+00
-22.33000E-03,-8.64321615E+00,-7.63819101E+00
-22.30500E-03,-8.84422117E+00,-7.63819101E+00
-22.28000E-03,-8.84422117E+00,-7.63819101E+00
-22.25500E-03,-8.84422117E+00,-7.63819101E+00
-22.23000E-03,-9.04522620E+00,-7.23618096E+00
-22.20500E-03,-8.84422117E+00,-7.23618096E+00
-22.18000E-03,-8.84422117E+00,-7.23618096E+00
-22.15500E-03,-8.84422117E+00,-7.63819101E+00
-22.13000E-03,-8.84422117E+00,-7.63819101E+00
-22.10500E-03,-8.84422117E+00,-7.63819101E+00
-22.08000E-03,-8.84422117E+00,-7.63819101E+00
-22.05500E-03,-8.84422117E+00,-7.63819101E+00
-22.03000E-03,-8.84422117E+00,-7.23618096E+00
-22.00500E-03,-8.84422117E+00,-7.63819101E+00
-21.98000E-03,-8.84422117E+00,-7.63819101E+00
-21.95500E-03,-8.84422117E+00,-7.63819101E+00
-21.93000E-03,-8.84422117E+00,-7.63819101E+00
-21.90500E-03,-8.84422117E+00,-7.63819101E+00
-21.88000E-03,-8.64321615E+00,-7.63819101E+00
-21.85500E-03,-8.84422117E+00,-7.63819101E+00
-21.83000E-03,-8.64321615E+00,-7.63819101E+00
-21.80500E-03,-8.64321615E+00,-7.63819101E+00
-21.78000E-03,-8.64321615E+00,-7.63819101E+00
-21.75500E-03,-8.84422117E+00,-7.63819101E+00
-21.73000E-03,-8.84422117E+00,-8.04020107E+00
-21.70500E-03,-8.84422117E+00,-7.63819101E+00
-21.68000E-03,-8.84422117E+00,-7.63819101E+00
-21.65500E-03,-8.84422117E+00,-7.63819101E+00
-21.63000E-03,-8.84422117E+00,-7.63819101E+00
-21.60500E-03,-8.84422117E+00,-7.63819101E+00
-21.58000E-03,-8.64321615E+00,-7.63819101E+00
-21.55500E-03,-8.84422117E+00,-7.63819101E+00
-21.53000E-03,-8.64321615E+00,-7.23618096E+00
-21.50500E-03,-8.84422117E+00,-7.63819101E+00
-21.48000E-03,-8.84422117E+00,-7.63819101E+00
-21.45500E-03,-8.64321615E+00,-7.63819101E+00
-21.43000E-03,-8.64321615E+00,-7.63819101E+00
-21.40500E-03,-9.04522620E+00,-7.63819101E+00
-21.38000E-03,-8.84422117E+00,-7.63819101E+00
-21.35500E-03,-8.84422117E+00,-7.63819101E+00
-21.33000E-03,-8.84422117E+00,-7.63819101E+00
-21.30500E-03,-8.64321615E+00,-7.63819101E+00
-21.28000E-03,-8.84422117E+00,-7.63819101E+00
-21.25500E-03,-8.84422117E+00,-7.23618096E+00
-21.23000E-03,-8.84422117E+00,-7.23618096E+00
-21.20500E-03,-8.64321615E+00,-7.63819101E+00
-21.18000E-03,-8.84422117E+00,-7.23618096E+00
-21.15500E-03,-8.84422117E+00,-7.63819101E+00
-21.13000E-03,-8.64321615E+00,-7.23618096E+00
-21.10500E-03,-8.84422117E+00,-7.63819101E+00
-21.08000E-03,-8.64321615E+00,-7.63819101E+00
-21.05500E-03,-8.64321615E+00,-7.23618096E+00
-21.03000E-03,-8.84422117E+00,-7.63819101E+00
-21.00500E-03,-8.84422117E+00,-7.63819101E+00
-20.98000E-03,-8.84422117E+00,-8.04020107E+00
-20.95500E-03,-8.64321615E+00,-8.04020107E+00
-20.93000E-03,-8.84422117E+00,-7.23618096E+00
-20.90500E-03,-8.64321615E+00,-7.63819101E+00
-20.88000E-03,-8.84422117E+00,-7.63819101E+00
-20.85500E-03,-8.84422117E+00,-7.63819101E+00
-20.83000E-03,-8.84422117E+00,-7.63819101E+00
-20.80500E-03,-8.84422117E+00,-7.63819101E+00
-20.78000E-03,-8.84422117E+00,-7.63819101E+00
-20.75500E-03,-8.84422117E+00,-7.63819101E+00
-20.73000E-03,-8.84422117E+00,-7.23618096E+00
-20.70500E-03,-8.84422117E+00,-7.63819101E+00
-20.68000E-03,-8.84422117E+00,-7.63819101E+00
-20.65500E-03,-8.64321615E+00,-7.23618096E+00
-20.63000E-03,-8.84422117E+00,-7.63819101E+00
-20.60500E-03,-8.84422117E+00,-7.63819101E+00
-20.58000E-03,-8.64321615E+00,-7.63819101E+00
-20.55500E-03,-8.84422117E+00,-7.63819101E+00
-20.53000E-03,-8.84422117E+00,-7.63819101E+00
-20.50500E-03,-8.64321615E+00,-7.63819101E+00
-20.48000E-03,-8.84422117E+00,-7.63819101E+00
-20.45500E-03,-8.84422117E+00,-7.63819101E+00
-20.43000E-03,-8.84422117E+00,-7.63819101E+00
-20.40500E-03,-8.84422117E+00,-7.63819101E+00
-20.38000E-03,-8.84422117E+00,-8.04020107E+00
-20.35500E-03,-8.84422117E+00,-7.23618096E+00
-20.33000E-03,-8.84422117E+00,-7.63819101E+00
-20.30500E-03,-8.64321615E+00,-7.63819101E+00
-20.28000E-03,-8.64321615E+00,-7.23618096E+00
-20.25500E-03,-8.84422117E+00,-7.63819101E+00
-20.23000E-03,-8.84422117E+00,-7.63819101E+00
-20.20500E-03,-8.84422117E+00,-7.23618096E+00
-20.18000E-03,-8.84422117E+00,-7.63819101E+00
-20.15500E-03,-8.84422117E+00,-7.23618096E+00
-20.13000E-03,-8.84422117E+00,-7.63819101E+00
-20.10500E-03,-8.84422117E+00,-7.63819101E+00
-20.08000E-03,-8.84422117E+00,-7.63819101E+00
-20.05500E-03,-8.84422117E+00,-7.63819101E+00
-20.03000E-03,+15.07537700E+00,-6.43216085E+00
-20.00500E-03,+14.47236192E+00,-5.22613069E+00
-19.98000E-03,+13.86934684E+00,-4.42211059E+00
-19.95500E-03,+13.46733679E+00,-3.21608043E+00
-19.93000E-03,+12.86432171E+00,-2.41206032E+00
-19.90500E-03,+12.46231166E+00,-1.60804021E+00
-19.88000E-03,+12.06030160E+00,-804.02011E-03
-19.85500E-03,+11.65829155E+00,-402.01005E-03
-19.83000E-03,+11.45728652E+00,+402.01005E-03
-19.80500E-03,+11.05527647E+00,+804.02011E-03
-19.78000E-03,+10.85427144E+00,+1.60804021E+00
-19.75500E-03,+10.45226139E+00,+1.60804021E+00
-19.73000E-03,+10.45226139E+00,+2.41206032E+00
-19.70500E-03,+10.25125636E+00,+2.81407037E+00
-19.68000E-03,+10.05025133E+00,+3.21608043E+00
-19.65500E-03,+9.84924631E+00,+3.21608043E+00
-19.63000E-03,+9.84924631E+00,+4.02010053E+00
-19.60500E-03,+9.44723625E+00,+3.61809048E+00
-19.58000E-03,+9.44723625E+00,+4.02010053E+00
-19.55500E-03,+9.24623123E+00,+4.42211059E+00
-19.53000E-03,+9.24623123E+00,+4.82412064E+00
-19.50500E-03,+9.04522620E+00,+4.82412064E+00
-19.48000E-03,+9.04522620E+00,+5.22613069E+00
-19.45500E-03,+8.84422117E+00,+5.62814075E+00
-19.43000E-03,+8.84422117E+00,+5.22613069E+00
-19.40500E-03,+8.84422117E+00,+5.62814075E+00
-19.38000E-03,+8.84422117E+00,+5.62814075E+00
-19.35500E-03,+8.64321615E+00,+5.62814075E+00
-19.33000E-03,+8.44221112E+00,+6.03015080E+00
-19.30500E-03,+8.64321615E+00,+5.62814075E+00
-19.28000E-03,+8.24120609E+00,+6.03015080E+00
-19.25500E-03,+8.44221112E+00,+6.03015080E+00
-19.23000E-03,+8.44221112E+00,+6.43216085E+00
-19.20500E-03,+8.44221112E+00,+6.43216085E+00
-19.18000E-03,+8.24120609E+00,+6.03015080E+00
-19.15500E-03,+8.24120609E+00,+6.43216085E+00
-19.13000E-03,+8.24120609E+00,+6.43216085E+00
-19.10500E-03,+8.24120609E+00,+6.43216085E+00
-19.08000E-03,+8.24120609E+00,+6.43216085E+00
-19.05500E-03,+8.24120609E+00,+6.43216085E+00
-19.03000E-03,+8.24120609E+00,+6.43216085E+00
-19.00500E-03,+8.04020107E+00,+6.43216085E+00
-18.98000E-03,+8.04020107E+00,+6.83417091E+00
-18.95500E-03,+8.04020107E+00,+6.43216085E+00
-18.93000E-03,+8.04020107E+00,+6.83417091E+00
-18.90500E-03,+8.04020107E+00,+6.83417091E+00
-18.88000E-03,+8.04020107E+00,+6.83417091E+00
-18.85500E-03,+8.04020107E+00,+7.23618096E+00
-18.83000E-03,+8.04020107E+00,+6.83417091E+00
-18.80500E-03,+8.04020107E+00,+6.43216085E+00
-18.78000E-03,+8.04020107E+00,+6.83417091E+00
-18.75500E-03,+8.04020107E+00,+6.83417091E+00
-18.73000E-03,+8.04020107E+00,+6.83417091E+00
-18.70500E-03,+8.04020107E+00,+6.83417091E+00
-18.68000E-03,+8.04020107E+00,+6.83417091E+00
-18.65500E-03,+8.04020107E+00,+6.83417091E+00
-18.63000E-03,+8.04020107E+00,+6.83417091E+00
-18.60500E-03,+8.04020107E+00,+6.83417091E+00
-18.58000E-03,+7.83919604E+00,+6.83417091E+00
-18.55500E-03,+8.24120609E+00,+6.83417091E+00
-18.53000E-03,+8.24120609E+00,+7.23618096E+00
-18.50500E-03,+8.04020107E+00,+6.83417091E+00
-18.48000E-03,+7.83919604E+00,+6.83417091E+00
-18.45500E-03,+8.04020107E+00,+6.83417091E+00
-18.43000E-03,+7.83919604E+00,+6.83417091E+00
-18.40500E-03,+8.04020107E+00,+7.23618096E+00
-18.38000E-03,+8.04020107E+00,+7.23618096E+00
-18.35500E-03,+7.83919604E+00,+6.43216085E+00
-18.33000E-03,+8.04020107E+00,+6.83417091E+00
-18.30500E-03,+8.04020107E+00,+6.83417091E+00
-18.28000E-03,+8.04020107E+00,+7.63819101E+00
-18.25500E-03,+8.04020107E+00,+7.23618096E+00
-18.23000E-03,+7.83919604E+00,+7.23618096E+00
-18.20500E-03,+8.24120609E+00,+7.23618096E+00
-18.18000E-03,+8.04020107E+00,+7.23618096E+00
-18.15500E-03,+7.83919604E+00,+6.83417091E+00
-18.13000E-03,+8.04020107E+00,+7.23618096E+00
-18.10500E-03,+8.04020107E+00,+6.83417091E+00
-18.08000E-03,+8.04020107E+00,+6.83417091E+00
-18.05500E-03,+8.04020107E+00,+7.23618096E+00
-18.03000E-03,+8.04020107E+00,+6.83417091E+00
-18.00500E-03,+8.04020107E+00,+6.83417091E+00
-17.98000E-03,+7.83919604E+00,+7.23618096E+00
-17.95500E-03,+8.04020107E+00,+6.83417091E+00
-17.93000E-03,+8.04020107E+00,+7.23618096E+00
-17.90500E-03,+7.83919604E+00,+7.23618096E+00
-17.88000E-03,+8.04020107E+00,+6.83417091E+00
-17.85500E-03,+7.83919604E+00,+6.83417091E+00
-17.83000E-03,+8.04020107E+00,+7.23618096E+00
-17.80500E-03,+8.04020107E+00,+6.83417091E+00
-17.78000E-03,+8.04020107E+00,+7.23618096E+00
-17.75500E-03,+7.83919604E+00,+7.23618096E+00
-17.73000E-03,+7.83919604E+00,+6.83417091E+00
-17.70500E-03,+8.04020107E+00,+6.83417091E+00
-17.68000E-03,+8.04020107E+00,+6.83417091E+00
-17.65500E-03,+8.04020107E+00,+6.83417091E+00
-17.63000E-03,+8.04020107E+00,+7.23618096E+00
-17.60500E-03,+8.24120609E+00,+6.83417091E+00
-17.58000E-03,+8.04020107E+00,+6.83417091E+00
-17.55500E-03,+7.83919604E+00,+7.23618096E+00
-17.53000E-03,+8.04020107E+00,+7.23618096E+00
-17.50500E-03,+8.04020107E+00,+6.83417091E+00
-17.48000E-03,+8.04020107E+00,+6.83417091E+00
-17.45500E-03,+7.83919604E+00,+6.83417091E+00
-17.43000E-03,+7.83919604E+00,+6.83417091E+00
-17.40500E-03,+7.83919604E+00,+6.83417091E+00
-17.38000E-03,+8.04020107E+00,+7.23618096E+00
-17.35500E-03,+8.24120609E+00,+7.23618096E+00
-17.33000E-03,+7.83919604E+00,+7.23618096E+00
-17.30500E-03,+8.04020107E+00,+6.83417091E+00
-17.28000E-03,+7.83919604E+00,+6.83417091E+00
-17.25500E-03,+8.04020107E+00,+7.23618096E+00
-17.23000E-03,+7.83919604E+00,+7.23618096E+00
-17.20500E-03,+8.04020107E+00,+6.83417091E+00
-17.18000E-03,+8.04020107E+00,+6.83417091E+00
-17.15500E-03,+8.04020107E+00,+6.83417091E+00
-17.13000E-03,+8.04020107E+00,+7.23618096E+00
-17.10500E-03,+7.83919604E+00,+6.83417091E+00
-17.08000E-03,+8.04020107E+00,+7.23618096E+00
-17.05500E-03,+8.04020107E+00,+7.23618096E+00
-17.03000E-03,+8.04020107E+00,+7.23618096E+00
-17.00500E-03,+8.04020107E+00,+7.23618096E+00
-16.98000E-03,+8.04020107E+00,+7.23618096E+00
-16.95500E-03,+7.83919604E+00,+6.83417091E+00
-16.93000E-03,+7.83919604E+00,+7.23618096E+00
-16.90500E-03,+7.83919604E+00,+6.83417091E+00
-16.88000E-03,+7.83919604E+00,+6.83417091E+00
-16.85500E-03,+8.04020107E+00,+7.23618096E+00
-16.83000E-03,+7.83919604E+00,+6.83417091E+00
-16.80500E-03,+8.04020107E+00,+7.23618096E+00
-16.78000E-03,+7.83919604E+00,+6.83417091E+00
-16.75500E-03,+8.04020107E+00,+6.83417091E+00
-16.73000E-03,+8.04020107E+00,+6.83417091E+00
-16.70500E-03,+7.83919604E+00,+6.83417091E+00
-16.68000E-03,+8.04020107E+00,+7.23618096E+00
-16.65500E-03,+7.83919604E+00,+6.83417091E+00
-16.63000E-03,+8.04020107E+00,+6.83417091E+00
-16.60500E-03,+7.83919604E+00,+7.23618096E+00
-16.58000E-03,+8.04020107E+00,+6.83417091E+00
-16.55500E-03,+7.63819101E+00,+6.83417091E+00
-16.53000E-03,+8.04020107E+00,+6.83417091E+00
-16.50500E-03,+8.04020107E+00,+6.83417091E+00
-16.48000E-03,+8.04020107E+00,+6.83417091E+00
-16.45500E-03,+7.83919604E+00,+6.83417091E+00
-16.43000E-03,+7.83919604E+00,+6.83417091E+00
-16.40500E-03,+7.83919604E+00,+6.83417091E+00
-16.38000E-03,+7.83919604E+00,+7.23618096E+00
-16.35500E-03,+8.24120609E+00,+7.23618096E+00
-16.33000E-03,+8.04020107E+00,+7.23618096E+00
-16.30500E-03,+8.04020107E+00,+6.83417091E+00
-16.28000E-03,+8.04020107E+00,+7.23618096E+00
-16.25500E-03,+7.83919604E+00,+6.83417091E+00
-16.23000E-03,+8.04020107E+00,+7.23618096E+00
-16.20500E-03,+8.04020107E+00,+6.83417091E+00
-16.18000E-03,+8.04020107E+00,+6.83417091E+00
-16.15500E-03,+8.04020107E+00,+6.83417091E+00
-16.13000E-03,+7.83919604E+00,+7.23618096E+00
-16.10500E-03,+8.04020107E+00,+6.83417091E+00
-16.08000E-03,+7.83919604E+00,+6.83417091E+00
-16.05500E-03,+8.04020107E+00,+7.23618096E+00
-16.03000E-03,+7.83919604E+00,+6.83417091E+00
-16.00500E-03,+7.83919604E+00,+6.83417091E+00
-15.98000E-03,+8.04020107E+00,+7.23618096E+00
-15.95500E-03,+8.04020107E+00,+7.23618096E+00
-15.93000E-03,+8.04020107E+00,+6.83417091E+00
-15.90500E-03,+8.04020107E+00,+6.83417091E+00
-15.88000E-03,+8.04020107E+00,+7.23618096E+00
-15.85500E-03,+7.83919604E+00,+6.83417091E+00
-15.83000E-03,+8.04020107E+00,+7.23618096E+00
-15.80500E-03,+7.83919604E+00,+6.83417091E+00
-15.78000E-03,+8.04020107E+00,+7.23618096E+00
-15.75500E-03,+7.83919604E+00,+6.83417091E+00
-15.73000E-03,+7.83919604E+00,+6.83417091E+00
-15.70500E-03,+7.83919604E+00,+7.23618096E+00
-15.68000E-03,+7.83919604E+00,+6.83417091E+00
-15.65500E-03,+8.04020107E+00,+6.83417091E+00
-15.63000E-03,+7.83919604E+00,+6.83417091E+00
-15.60500E-03,+8.04020107E+00,+6.83417091E+00
-15.58000E-03,+8.04020107E+00,+6.83417091E+00
-15.55500E-03,+7.83919604E+00,+6.83417091E+00
-15.53000E-03,+8.04020107E+00,+6.83417091E+00
-15.50500E-03,+8.04020107E+00,+7.23618096E+00
-15.48000E-03,+8.04020107E+00,+6.83417091E+00
-15.45500E-03,+8.04020107E+00,+7.23618096E+00
-15.43000E-03,+8.04020107E+00,+6.83417091E+00
-15.40500E-03,+8.04020107E+00,+6.83417091E+00
-15.38000E-03,+7.83919604E+00,+6.83417091E+00
-15.35500E-03,+8.04020107E+00,+6.83417091E+00
-15.33000E-03,+8.04020107E+00,+7.23618096E+00
-15.30500E-03,+7.83919604E+00,+6.83417091E+00
-15.28000E-03,+8.04020107E+00,+7.23618096E+00
-15.25500E-03,+8.04020107E+00,+6.83417091E+00
-15.23000E-03,+8.04020107E+00,+6.83417091E+00
-15.20500E-03,+8.04020107E+00,+6.83417091E+00
-15.18000E-03,+7.83919604E+00,+6.83417091E+00
-15.15500E-03,+7.83919604E+00,+6.83417091E+00
-15.13000E-03,+8.04020107E+00,+6.43216085E+00
-15.10500E-03,+8.04020107E+00,+6.83417091E+00
-15.08000E-03,+8.04020107E+00,+6.83417091E+00
-15.05500E-03,+8.04020107E+00,+6.83417091E+00
-15.03000E-03,+7.83919604E+00,+7.23618096E+00
-15.00500E-03,+8.04020107E+00,+6.83417091E+00
-14.98000E-03,+7.83919604E+00,+6.83417091E+00
-14.95500E-03,+7.83919604E+00,+7.23618096E+00
-14.93000E-03,+8.04020107E+00,+6.83417091E+00
-14.90500E-03,+7.83919604E+00,+6.83417091E+00
-14.88000E-03,+7.83919604E+00,+6.83417091E+00
-14.85500E-03,-16.68341722E+00,+6.43216085E+00
-14.83000E-03,-16.08040214E+00,+5.22613069E+00
-14.80500E-03,-15.47738706E+00,+4.02010053E+00
-14.78000E-03,-15.07537700E+00,+2.81407037E+00
-14.75500E-03,-14.47236192E+00,+2.01005027E+00
-14.73000E-03,-14.07035187E+00,+1.20603016E+00
-14.70500E-03,-13.46733679E+00,+402.01005E-03
-14.68000E-03,-13.26633176E+00,-402.01005E-03
-14.65500E-03,-12.66331668E+00,-804.02011E-03
-14.63000E-03,-12.46231166E+00,-1.20603016E+00
-14.60500E-03,-12.06030160E+00,-2.01005027E+00
-14.58000E-03,-11.85929658E+00,-2.81407037E+00
-14.55500E-03,-11.65829155E+00,-3.21608043E+00
-14.53000E-03,-11.45728652E+00,-3.61809048E+00
-14.50500E-03,-11.05527647E+00,-3.61809048E+00
-14.48000E-03,-11.05527647E+00,-4.02010053E+00
-14.45500E-03,-10.65326642E+00,-4.42211059E+00
-14.43000E-03,-10.65326642E+00,-4.82412064E+00
-14.40500E-03,-10.45226139E+00,-5.22613069E+00
-14.38000E-03,-10.25125636E+00,-5.22613069E+00
-14.35500E-03,-10.05025133E+00,-5.22613069E+00
-14.33000E-03,-10.05025133E+00,-5.62814075E+00
-14.30500E-03,-10.05025133E+00,-5.62814075E+00
-14.28000E-03,-9.84924631E+00,-6.03015080E+00
-14.25500E-03,-9.84924631E+00,-6.03015080E+00
-14.23000E-03,-9.64824128E+00,-6.03015080E+00
-14.20500E-03,-9.64824128E+00,-6.43216085E+00
-14.18000E-03,-9.64824128E+00,-6.43216085E+00
-14.15500E-03,-9.64824128E+00,-6.83417091E+00
-14.13000E-03,-9.04522620E+00,-6.83417091E+00
-14.10500E-03,-9.44723625E+00,-6.83417091E+00
-14.08000E-03,-9.24623123E+00,-6.83417091E+00
-14.05500E-03,-9.24623123E+00,-6.83417091E+00
-14.03000E-03,-9.24623123E+00,-7.23618096E+00
-14.00500E-03,-9.24623123E+00,-7.23618096E+00
-13.98000E-03,-9.04522620E+00,-6.83417091E+00
-13.95500E-03,-9.24623123E+00,-7.23618096E+00
-13.93000E-03,-9.04522620E+00,-7.23618096E+00
-13.90500E-03,-9.04522620E+00,-7.23618096E+00
-13.88000E-03,-9.04522620E+00,-6.83417091E+00
-13.85500E-03,-8.84422117E+00,-7.23618096E+00
-13.83000E-03,-9.04522620E+00,-7.23618096E+00
-13.80500E-03,-9.04522620E+00,-7.23618096E+00
-13.78000E-03,-9.04522620E+00,-7.23618096E+00
-13.75500E-03,-9.04522620E+00,-7.23618096E+00
-13.73000E-03,-9.04522620E+00,-7.23618096E+00
-13.70500E-03,-8.84422117E+00,-7.23618096E+00
-13.68000E-03,-8.84422117E+00,-7.63819101E+00
-13.65500E-03,-8.84422117E+00,-7.23618096E+00
-13.63000E-03,-9.04522620E+00,-7.23618096E+00
-13.60500E-03,-9.04522620E+00,-7.23618096E+00
-13.58000E-03,-8.84422117E+00,-7.63819101E+00
-13.55500E-03,-8.64321615E+00,-7.23618096E+00
-13.53000E-03,-9.04522620E+00,-7.63819101E+00
-13.50500E-03,-9.04522620E+00,-7.23618096E+00
-13.48000E-03,-8.84422117E+00,-7.63819101E+00
-13.45500E-03,-8.84422117E+00,-7.63819101E+00
-13.43000E-03,-8.64321615E+00,-7.23618096E+00
-13.40500E-03,-8.84422117E+00,-7.63819101E+00
-13.38000E-03,-8.84422117E+00,-7.23618096E+00
-13.35500E-03,-8.84422117E+00,-7.23618096E+00
-13.33000E-03,-8.64321615E+00,-7.63819101E+00
-13.30500E-03,-8.64321615E+00,-7.63819101E+00
-13.28000E-03,-8.84422117E+00,-7.63819101E+00
-13.25500E-03,-8.84422117E+00,-7.63819101E+00
-13.23000E-03,-8.84422117E+00,-7.63819101E+00
-13.20500E-03,-8.84422117E+00,-7.63819101E+00
-13.18000E-03,-8.84422117E+00,-7.63819101E+00
-13.15500E-03,-9.04522620E+00,-7.23618096E+00
-13.13000E-03,-8.84422117E+00,-7.63819101E+00
-13.10500E-03,-8.84422117E+00,-7.63819101E+00
-13.08000E-03,-8.84422117E+00,-7.63819101E+00
-13.05500E-03,-8.64321615E+00,-7.23618096E+00
-13.03000E-03,-8.84422117E+00,-7.63819101E+00
-13.00500E-03,-8.84422117E+00,-7.63819101E+00
-12.98000E-03,-8.84422117E+00,-7.63819101E+00
-12.95500E-03,-8.84422117E+00,-7.63819101E+00
-12.93000E-03,-8.84422117E+00,-7.63819101E+00
-12.90500E-03,-8.84422117E+00,-7.63819101E+00
-12.88000E-03,-8.84422117E+00,-7.63819101E+00
-12.85500E-03,-8.84422117E+00,-7.63819101E+00
-12.83000E-03,-8.84422117E+00,-7.63819101E+00
-12.80500E-03,-8.84422117E+00,-7.63819101E+00
-12.78000E-03,-8.64321615E+00,-7.63819101E+00
-12.75500E-03,-8.84422117E+00,-7.63819101E+00
-12.73000E-03,-8.84422117E+00,-7.63819101E+00
-12.70500E-03,-8.84422117E+00,-7.63819101E+00
-12.68000E-03,-8.84422117E+00,-7.63819101E+00
-12.65500E-03,-8.84422117E+00,-7.63819101E+00
-12.63000E-03,-8.84422117E+00,-7.63819101E+00
-12.60500E-03,-8.64321615E+00,-7.63819101E+00
-12.58000E-03,-8.84422117E+00,-7.23618096E+00
-12.55500E-03,-8.84422117E+00,-7.63819101E+00
-12.53000E-03,-9.04522620E+00,-8.04020107E+00
-12.50500E-03,-8.84422117E+00,-7.63819101E+00
-12.48000E-03,-8.84422117E+00,-7.23618096E+00
-12.45500E-03,-8.84422117E+00,-7.63819101E+00
-12.43000E-03,-8.64321615E+00,-7.23618096E+00
-12.40500E-03,-8.64321615E+00,-7.63819101E+00
-12.38000E-03,-8.64321615E+00,-7.63819101E+00
-12.35500E-03,-8.64321615E+00,-7.63819101E+00
-12.33000E-03,-8.84422117E+00,-7.63819101E+00
-12.30500E-03,-8.84422117E+00,-7.23618096E+00
-12.28000E-03,-8.84422117E+00,-7.63819101E+00
-12.25500E-03,-8.84422117E+00,-7.63819101E+00
-12.23000E-03,-8.84422117E+00,-7.63819101E+00
-12.20500E-03,-8.84422117E+00,-7.63819101E+00
-12.18000E-03,-8.84422117E+00,-7.63819101E+00
-12.15500E-03,-8.84422117E+00,-7.63819101E+00
-12.13000E-03,-8.84422117E+00,-7.63819101E+00
-12.10500E-03,-8.84422117E+00,-7.23618096E+00
-12.08000E-03,-8.84422117E+00,-7.63819101E+00
-12.05500E-03,-8.64321615E+00,-7.63819101E+00
-12.03000E-03,-8.84422117E+00,-7.63819101E+00
-12.00500E-03,-8.64321615E+00,-7.23618096E+00
-11.98000E-03,-8.84422117E+00,-7.63819101E+00
-11.95500E-03,-8.84422117E+00,-7.63819101E+00
-11.93000E-03,-8.84422117E+00,-7.63819101E+00
-11.90500E-03,-9.04522620E+00,-7.63819101E+00
-11.88000E-03,-8.84422117E+00,-7.23618096E+00
-11.85500E-03,-8.64321615E+00,-7.63819101E+00
-11.83000E-03,-8.64321615E+00,-7.63819101E+00
-11.80500E-03,-8.64321615E+00,-7.23618096E+00
-11.78000E-03,-8.84422117E+00,-7.63819101E+00
-11.75500E-03,-8.64321615E+00,-7.23618096E+00
-11.73000E-03,-8.84422117E+00,-7.63819101E+00
-11.70500E-03,-8.84422117E+00,-7.63819101E+00
-11.68000E-03,-8.64321615E+00,-7.63819101E+00
-11.65500E-03,-8.64321615E+00,-7.63819101E+00
-11.63000E-03,-9.04522620E+00,-7.63819101E+00
-11.60500E-03,-8.84422117E+00,-7.23618096E+00
-11.58000E-03,-9.04522620E+00,-7.63819101E+00
-11.55500E-03,-8.84422117E+00,-7.63819101E+00
-11.53000E-03,-8.64321615E+00,-7.63819101E+00
-11.50500E-03,-8.64321615E+00,-7.23618096E+00
-11.48000E-03,-8.84422117E+00,-7.63819101E+00
-11.45500E-03,-8.64321615E+00,-7.63819101E+00
-11.43000E-03,-8.84422117E+00,-7.23618096E+00
-11.40500E-03,-8.84422117E+00,-7.63819101E+00
-11.38000E-03,-8.84422117E+00,-7.63819101E+00
-11.35500E-03,-8.84422117E+00,-7.23618096E+00
-11.33000E-03,-8.64321615E+00,-7.63819101E+00
-11.30500E-03,-8.64321615E+00,-7.63819101E+00
-11.28000E-03,-8.84422117E+00,-7.63819101E+00
-11.25500E-03,-8.84422117E+00,-7.63819101E+00
-11.23000E-03,-9.04522620E+00,-7.23618096E+00
-11.20500E-03,-8.64321615E+00,-7.63819101E+00
-11.18000E-03,-9.04522620E+00,-7.63819101E+00
-11.15500E-03,-8.84422117E+00,-7.63819101E+00
-11.13000E-03,-8.84422117E+00,-7.63819101E+00
-11.10500E-03,-8.84422117E+00,-7.23618096E+00
-11.08000E-03,-8.84422117E+00,-7.23618096E+00
-11.05500E-03,-8.84422117E+00,-7.63819101E+00
-11.03000E-03,-8.84422117E+00,-7.63819101E+00
-11.00500E-03,-8.84422117E+00,-7.63819101E+00
-10.98000E-03,-8.84422117E+00,-7.63819101E+00
-10.95500E-03,-8.84422117E+00,-7.23618096E+00
-10.93000E-03,-8.84422117E+00,-7.23618096E+00
-10.90500E-03,-9.04522620E+00,-7.63819101E+00
-10.88000E-03,-8.84422117E+00,-7.63819101E+00
-10.85500E-03,-8.84422117E+00,-7.63819101E+00
-10.83000E-03,-8.84422117E+00,-7.63819101E+00
-10.80500E-03,-8.84422117E+00,-7.63819101E+00
-10.78000E-03,-8.84422117E+00,-7.63819101E+00
-10.75500E-03,-8.64321615E+00,-7.63819101E+00
-10.73000E-03,-8.84422117E+00,-7.63819101E+00
-10.70500E-03,-8.84422117E+00,-7.63819101E+00
-10.68000E-03,-8.84422117E+00,-7.63819101E+00
-10.65500E-03,-8.84422117E+00,-7.63819101E+00
-10.63000E-03,-8.84422117E+00,-7.63819101E+00
-10.60500E-03,-8.84422117E+00,-7.23618096E+00
-10.58000E-03,-8.64321615E+00,-7.63819101E+00
-10.55500E-03,-8.84422117E+00,-7.63819101E+00
-10.53000E-03,-8.84422117E+00,-7.63819101E+00
-10.50500E-03,-8.84422117E+00,-7.23618096E+00
-10.48000E-03,-8.84422117E+00,-7.63819101E+00
-10.45500E-03,-8.64321615E+00,-7.63819101E+00
-10.43000E-03,-8.84422117E+00,-7.63819101E+00
-10.40500E-03,-8.64321615E+00,-7.63819101E+00
-10.38000E-03,-8.84422117E+00,-7.63819101E+00
-10.35500E-03,-8.84422117E+00,-7.63819101E+00
-10.33000E-03,-8.84422117E+00,-7.23618096E+00
-10.30500E-03,-8.84422117E+00,-7.63819101E+00
-10.28000E-03,-8.84422117E+00,-7.63819101E+00
-10.25500E-03,-8.84422117E+00,-7.63819101E+00
-10.23000E-03,-8.84422117E+00,-7.23618096E+00
-10.20500E-03,-8.84422117E+00,-7.63819101E+00
-10.18000E-03,-8.84422117E+00,-7.23618096E+00
-10.15500E-03,-8.84422117E+00,-7.63819101E+00
-10.13000E-03,-8.84422117E+00,-7.23618096E+00
-10.10500E-03,-8.84422117E+00,-8.04020107E+00
-10.08000E-03,-8.84422117E+00,-7.23618096E+00
-10.05500E-03,-8.84422117E+00,-7.63819101E+00
-10.03000E-03,-8.84422117E+00,-7.63819101E+00
-10.00500E-03,+15.07537700E+00,-6.43216085E+00
-9.98000E-03,+14.47236192E+00,-5.62814075E+00
-9.95500E-03,+13.86934684E+00,-4.42211059E+00
-9.93000E-03,+13.26633176E+00,-3.21608043E+00
-9.90500E-03,+13.06532674E+00,-2.41206032E+00
-9.88000E-03,+12.66331668E+00,-1.60804021E+00
-9.85500E-03,+12.06030160E+00,-804.02011E-03
-9.83000E-03,+11.85929658E+00,-402.01005E-03
-9.80500E-03,+11.45728652E+00,+402.01005E-03
-9.78000E-03,+11.05527647E+00,+804.02011E-03
-9.75500E-03,+11.05527647E+00,+1.20603016E+00
-9.73000E-03,+10.65326642E+00,+2.01005027E+00
-9.70500E-03,+10.45226139E+00,+2.41206032E+00
-9.68000E-03,+10.25125636E+00,+2.81407037E+00
-9.65500E-03,+10.05025133E+00,+3.61809048E+00
-9.63000E-03,+9.64824128E+00,+3.61809048E+00
-9.60500E-03,+9.64824128E+00,+4.02010053E+00
-9.58000E-03,+9.44723625E+00,+4.02010053E+00
-9.55500E-03,+9.24623123E+00,+4.42211059E+00
-9.53000E-03,+9.24623123E+00,+4.42211059E+00
-9.50500E-03,+9.04522620E+00,+4.82412064E+00
-9.48000E-03,+9.04522620E+00,+4.82412064E+00
-9.45500E-03,+9.04522620E+00,+5.22613069E+00
-9.43000E-03,+8.84422117E+00,+5.22613069E+00
-9.40500E-03,+8.84422117E+00,+5.62814075E+00
-9.38000E-03,+8.84422117E+00,+5.62814075E+00
-9.35500E-03,+8.64321615E+00,+6.03015080E+00
-9.33000E-03,+8.64321615E+00,+6.03015080E+00
-9.30500E-03,+8.44221112E+00,+6.03015080E+00
-9.28000E-03,+8.44221112E+00,+6.03015080E+00
-9.25500E-03,+8.44221112E+00,+6.43216085E+00
-9.23000E-03,+8.44221112E+00,+6.43216085E+00
-9.20500E-03,+8.44221112E+00,+6.03015080E+00
-9.18000E-03,+8.24120609E+00,+6.43216085E+00
-9.15500E-03,+8.24120609E+00,+6.43216085E+00
-9.13000E-03,+8.24120609E+00,+6.43216085E+00
-9.10500E-03,+8.24120609E+00,+6.43216085E+00
-9.08000E-03,+8.24120609E+00,+6.43216085E+00
-9.05500E-03,+8.24120609E+00,+6.83417091E+00
-9.03000E-03,+8.24120609E+00,+6.43216085E+00
-9.00500E-03,+8.24120609E+00,+6.43216085E+00
-8.98000E-03,+8.24120609E+00,+6.43216085E+00
-8.95500E-03,+8.24120609E+00,+6.83417091E+00
-8.93000E-03,+8.04020107E+00,+6.83417091E+00
-8.90500E-03,+8.24120609E+00,+6.83417091E+00
-8.88000E-03,+8.04020107E+00,+6.83417091E+00
-8.85500E-03,+8.24120609E+00,+6.83417091E+00
-8.83000E-03,+8.04020107E+00,+6.83417091E+00
-8.80500E-03,+8.04020107E+00,+6.83417091E+00
-8.78000E-03,+8.24120609E+00,+7.23618096E+00
-8.75500E-03,+8.04020107E+00,+6.83417091E+00
-8.73000E-03,+8.04020107E+00,+6.43216085E+00
-8.70500E-03,+8.04020107E+00,+6.83417091E+00
-8.68000E-03,+8.04020107E+00,+6.83417091E+00
-8.65500E-03,+8.04020107E+00,+6.83417091E+00
-8.63000E-03,+8.04020107E+00,+6.83417091E+00
-8.60500E-03,+8.24120609E+00,+6.83417091E+00
-8.58000E-03,+8.04020107E+00,+7.23618096E+00
-8.55500E-03,+8.04020107E+00,+6.83417091E+00
-8.53000E-03,+8.04020107E+00,+6.83417091E+00
-8.50500E-03,+8.04020107E+00,+6.83417091E+00
-8.48000E-03,+8.04020107E+00,+7.23618096E+00
-8.45500E-03,+7.83919604E+00,+6.83417091E+00
-8.43000E-03,+8.04020107E+00,+7.23618096E+00
-8.40500E-03,+8.04020107E+00,+6.83417091E+00
-8.38000E-03,+8.04020107E+00,+7.23618096E+00
-8.35500E-03,+8.04020107E+00,+7.23618096E+00
-8.33000E-03,+7.83919604E+00,+7.23618096E+00
-8.30500E-03,+8.04020107E+00,+6.83417091E+00
-8.28000E-03,+8.04020107E+00,+7.23618096E+00
-8.25500E-03,+8.04020107E+00,+7.23618096E+00
-8.23000E-03,+8.04020107E+00,+6.83417091E+00
-8.20500E-03,+8.04020107E+00,+6.83417091E+00
-8.18000E-03,+8.04020107E+00,+6.83417091E+00
-8.15500E-03,+8.04020107E+00,+6.83417091E+00
-8.13000E-03,+7.83919604E+00,+6.83417091E+00
-8.10500E-03,+8.04020107E+00,+6.83417091E+00
-8.08000E-03,+8.04020107E+00,+7.23618096E+00
-8.05500E-03,+8.04020107E+00,+6.83417091E+00
-8.03000E-03,+8.04020107E+00,+6.83417091E+00
-8.00500E-03,+8.04020107E+00,+6.83417091E+00
-7.98000E-03,+7.83919604E+00,+6.83417091E+00
-7.95500E-03,+8.04020107E+00,+6.83417091E+00
-7.93000E-03,+8.04020107E+00,+6.83417091E+00
-7.90500E-03,+7.83919604E+00,+6.83417091E+00
-7.88000E-03,+7.83919604E+00,+6.83417091E+00
-7.85500E-03,+7.83919604E+00,+6.83417091E+00
-7.83000E-03,+8.04020107E+00,+7.23618096E+00
-7.80500E-03,+7.83919604E+00,+7.23618096E+00
-7.78000E-03,+7.83919604E+00,+6.83417091E+00
-7.75500E-03,+8.04020107E+00,+6.83417091E+00
-7.73000E-03,+8.04020107E+00,+7.23618096E+00
-7.70500E-03,+8.04020107E+00,+7.23618096E+00
-7.68000E-03,+7.83919604E+00,+7.23618096E+00
-7.65500E-03,+8.04020107E+00,+7.23618096E+00
-7.63000E-03,+8.04020107E+00,+7.23618096E+00
-7.60500E-03,+7.83919604E+00,+6.83417091E+00
-7.58000E-03,+8.04020107E+00,+7.23618096E+00
-7.55500E-03,+7.83919604E+00,+6.83417091E+00
-7.53000E-03,+8.24120609E+00,+7.23618096E+00
-7.50500E-03,+7.83919604E+00,+6.83417091E+00
-7.48000E-03,+8.04020107E+00,+7.23618096E+00
-7.45500E-03,+8.04020107E+00,+7.23618096E+00
-7.43000E-03,+7.83919604E+00,+7.23618096E+00
-7.40500E-03,+7.83919604E+00,+7.23618096E+00
-7.38000E-03,+8.04020107E+00,+6.83417091E+00
-7.35500E-03,+8.04020107E+00,+6.83417091E+00
-7.33000E-03,+8.04020107E+00,+6.83417091E+00
-7.30500E-03,+8.04020107E+00,+7.23618096E+00
-7.28000E-03,+8.04020107E+00,+6.83417091E+00
-7.25500E-03,+7.83919604E+00,+7.23618096E+00
-7.23000E-03,+7.83919604E+00,+7.23618096E+00
-7.20500E-03,+7.83919604E+00,+7.23618096E+00
-7.18000E-03,+7.83919604E+00,+6.83417091E+00
-7.15500E-03,+8.04020107E+00,+7.23618096E+00
-7.13000E-03,+7.83919604E+00,+6.83417091E+00
-7.10500E-03,+8.04020107E+00,+7.23618096E+00
-7.08000E-03,+8.04020107E+00,+7.23618096E+00
-7.05500E-03,+8.24120609E+00,+7.23618096E+00
-7.03000E-03,+8.04020107E+00,+7.23618096E+00
-7.00500E-03,+8.04020107E+00,+6.83417091E+00
-6.98000E-03,+8.04020107E+00,+7.23618096E+00
-6.95500E-03,+8.04020107E+00,+7.23618096E+00
-6.93000E-03,+8.04020107E+00,+6.83417091E+00
-6.90500E-03,+7.83919604E+00,+6.83417091E+00
-6.88000E-03,+8.04020107E+00,+7.23618096E+00
-6.85500E-03,+8.04020107E+00,+6.83417091E+00
-6.83000E-03,+7.83919604E+00,+6.83417091E+00
-6.80500E-03,+8.04020107E+00,+6.83417091E+00
-6.78000E-03,+7.83919604E+00,+6.83417091E+00
-6.75500E-03,+8.04020107E+00,+6.83417091E+00
-6.73000E-03,+7.83919604E+00,+7.23618096E+00
-6.70500E-03,+8.04020107E+00,+7.23618096E+00
-6.68000E-03,+8.04020107E+00,+6.83417091E+00
-6.65500E-03,+7.83919604E+00,+7.23618096E+00
-6.63000E-03,+7.83919604E+00,+6.83417091E+00
-6.60500E-03,+7.83919604E+00,+7.23618096E+00
-6.58000E-03,+8.04020107E+00,+7.23618096E+00
-6.55500E-03,+8.04020107E+00,+6.83417091E+00
-6.53000E-03,+7.83919604E+00,+7.23618096E+00
-6.50500E-03,+8.04020107E+00,+6.83417091E+00
-6.48000E-03,+7.83919604E+00,+7.23618096E+00
-6.45500E-03,+8.04020107E+00,+6.83417091E+00
-6.43000E-03,+8.04020107E+00,+6.83417091E+00
-6.40500E-03,+7.83919604E+00,+6.83417091E+00
-6.38000E-03,+8.04020107E+00,+6.83417091E+00
-6.35500E-03,+8.04020107E+00,+6.83417091E+00
-6.33000E-03,+8.04020107E+00,+7.23618096E+00
-6.30500E-03,+7.83919604E+00,+7.23618096E+00
-6.28000E-03,+7.83919604E+00,+7.23618096E+00
-6.25500E-03,+7.83919604E+00,+7.23618096E+00
-6.23000E-03,+7.83919604E+00,+6.83417091E+00
-6.20500E-03,+8.04020107E+00,+6.83417091E+00
-6.18000E-03,+8.04020107E+00,+7.23618096E+00
-6.15500E-03,+8.04020107E+00,+6.83417091E+00
-6.13000E-03,+8.04020107E+00,+7.23618096E+00
-6.10500E-03,+8.04020107E+00,+6.83417091E+00
-6.08000E-03,+8.04020107E+00,+7.23618096E+00
-6.05500E-03,+8.04020107E+00,+7.23618096E+00
-6.03000E-03,+8.04020107E+00,+6.83417091E+00
-6.00500E-03,+8.04020107E+00,+7.23618096E+00
-5.98000E-03,+8.04020107E+00,+7.23618096E+00
-5.95500E-03,+7.83919604E+00,+7.23618096E+00
-5.93000E-03,+8.04020107E+00,+6.83417091E+00
-5.90500E-03,+8.04020107E+00,+6.83417091E+00
-5.88000E-03,+7.83919604E+00,+7.23618096E+00
-5.85500E-03,+8.04020107E+00,+6.83417091E+00
-5.83000E-03,+8.04020107E+00,+6.83417091E+00
-5.80500E-03,+8.04020107E+00,+7.23618096E+00
-5.78000E-03,+7.83919604E+00,+6.83417091E+00
-5.75500E-03,+7.83919604E+00,+6.83417091E+00
-5.73000E-03,+8.04020107E+00,+6.83417091E+00
-5.70500E-03,+8.04020107E+00,+6.83417091E+00
-5.68000E-03,+8.04020107E+00,+7.23618096E+00
-5.65500E-03,+8.04020107E+00,+6.83417091E+00
-5.63000E-03,+7.83919604E+00,+6.83417091E+00
-5.60500E-03,+7.83919604E+00,+6.83417091E+00
-5.58000E-03,+8.04020107E+00,+6.83417091E+00
-5.55500E-03,+7.83919604E+00,+6.43216085E+00
-5.53000E-03,+7.83919604E+00,+6.83417091E+00
-5.50500E-03,+7.83919604E+00,+7.23618096E+00
-5.48000E-03,+7.83919604E+00,+6.83417091E+00
-5.45500E-03,+8.04020107E+00,+7.23618096E+00
-5.43000E-03,+8.04020107E+00,+6.83417091E+00
-5.40500E-03,+7.83919604E+00,+7.23618096E+00
-5.38000E-03,+7.83919604E+00,+7.23618096E+00
-5.35500E-03,+8.04020107E+00,+6.83417091E+00
-5.33000E-03,+8.04020107E+00,+6.83417091E+00
-5.30500E-03,+7.83919604E+00,+6.83417091E+00
-5.28000E-03,+8.04020107E+00,+7.23618096E+00
-5.25500E-03,+8.04020107E+00,+6.83417091E+00
-5.23000E-03,+7.83919604E+00,+7.23618096E+00
-5.20500E-03,+7.83919604E+00,+7.23618096E+00
-5.18000E-03,+7.83919604E+00,+6.83417091E+00
-5.15500E-03,+8.04020107E+00,+7.23618096E+00
-5.13000E-03,+8.04020107E+00,+6.83417091E+00
-5.10500E-03,+8.04020107E+00,+6.83417091E+00
-5.08000E-03,+8.04020107E+00,+6.83417091E+00
-5.05500E-03,+7.83919604E+00,+6.83417091E+00
-5.03000E-03,+7.83919604E+00,+7.23618096E+00
-5.00500E-03,+8.04020107E+00,+6.83417091E+00
-4.98000E-03,+8.04020107E+00,+6.83417091E+00
-4.95500E-03,+8.04020107E+00,+6.83417091E+00
-4.93000E-03,+8.04020107E+00,+7.23618096E+00
-4.90500E-03,+7.83919604E+00,+7.23618096E+00
-4.88000E-03,+8.04020107E+00,+7.23618096E+00
-4.85500E-03,+7.83919604E+00,+7.23618096E+00
-4.83000E-03,-16.88442224E+00,+6.43216085E+00
-4.80500E-03,-16.08040214E+00,+5.62814075E+00
-4.78000E-03,-15.47738706E+00,+4.02010053E+00
-4.75500E-03,-14.87437198E+00,+3.21608043E+00
-4.73000E-03,-14.47236192E+00,+2.41206032E+00
-4.70500E-03,-14.07035187E+00,+1.20603016E+00
-4.68000E-03,-13.66834182E+00,+402.01005E-03
-4.65500E-03,-13.26633176E+00,-402.01005E-03
-4.63000E-03,-12.86432171E+00,-804.02011E-03
-4.60500E-03,-12.66331668E+00,-1.20603016E+00
-4.58000E-03,-11.85929658E+00,-2.41206032E+00
-4.55500E-03,-11.85929658E+00,-2.81407037E+00
-4.53000E-03,-11.65829155E+00,-2.81407037E+00
-4.50500E-03,-11.45728652E+00,-3.21608043E+00
-4.48000E-03,-11.05527647E+00,-3.61809048E+00
-4.45500E-03,-11.05527647E+00,-4.02010053E+00
-4.43000E-03,-10.65326642E+00,-4.82412064E+00
-4.40500E-03,-10.65326642E+00,-4.82412064E+00
-4.38000E-03,-10.45226139E+00,-4.82412064E+00
-4.35500E-03,-10.45226139E+00,-5.22613069E+00
-4.33000E-03,-10.25125636E+00,-5.62814075E+00
-4.30500E-03,-10.05025133E+00,-5.62814075E+00
-4.28000E-03,-10.05025133E+00,-6.43216085E+00
-4.25500E-03,-9.84924631E+00,-6.43216085E+00
-4.23000E-03,-9.84924631E+00,-6.03015080E+00
-4.20500E-03,-9.64824128E+00,-6.03015080E+00
-4.18000E-03,-9.44723625E+00,-6.43216085E+00
-4.15500E-03,-9.44723625E+00,-6.43216085E+00
-4.13000E-03,-9.44723625E+00,-6.83417091E+00
-4.10500E-03,-9.24623123E+00,-6.43216085E+00
-4.08000E-03,-9.24623123E+00,-6.83417091E+00
-4.05500E-03,-9.24623123E+00,-6.83417091E+00
-4.03000E-03,-9.24623123E+00,-6.83417091E+00
-4.00500E-03,-9.24623123E+00,-6.83417091E+00
-3.98000E-03,-9.24623123E+00,-6.83417091E+00
-3.95500E-03,-9.24623123E+00,-7.23618096E+00
-3.93000E-03,-9.24623123E+00,-7.23618096E+00
-3.90500E-03,-9.24623123E+00,-7.23618096E+00
-3.88000E-03,-9.24623123E+00,-7.63819101E+00
-3.85500E-03,-9.04522620E+00,-7.23618096E+00
-3.83000E-03,-9.04522620E+00,-7.23618096E+00
-3.80500E-03,-9.24623123E+00,-7.23618096E+00
-3.78000E-03,-9.04522620E+00,-7.23618096E+00
-3.75500E-03,-8.84422117E+00,-7.23618096E+00
-3.73000E-03,-8.84422117E+00,-7.63819101E+00
-3.70500E-03,-8.84422117E+00,-7.23618096E+00
-3.68000E-03,-8.84422117E+00,-7.23618096E+00
-3.65500E-03,-8.84422117E+00,-7.63819101E+00
-3.63000E-03,-8.84422117E+00,-7.23618096E+00
-3.60500E-03,-9.04522620E+00,-7.63819101E+00
-3.58000E-03,-8.84422117E+00,-7.63819101E+00
-3.55500E-03,-8.84422117E+00,-7.63819101E+00
-3.53000E-03,-8.84422117E+00,-7.23618096E+00
-3.50500E-03,-8.84422117E+00,-7.23618096E+00
-3.48000E-03,-8.84422117E+00,-7.63819101E+00
-3.45500E-03,-8.84422117E+00,-7.23618096E+00
-3.43000E-03,-8.84422117E+00,-7.63819101E+00
-3.40500E-03,-8.84422117E+00,-7.63819101E+00
-3.38000E-03,-8.84422117E+00,-7.63819101E+00
-3.35500E-03,-8.84422117E+00,-7.63819101E+00
-3.33000E-03,-9.04522620E+00,-7.63819101E+00
-3.30500E-03,-9.04522620E+00,-7.23618096E+00
-3.28000E-03,-8.84422117E+00,-7.63819101E+00
-3.25500E-03,-8.84422117E+00,-7.63819101E+00
-3.23000E-03,-8.64321615E+00,-7.63819101E+00
-3.20500E-03,-8.84422117E+00,-7.23618096E+00
-3.18000E-03,-9.04522620E+00,-7.23618096E+00
-3.15500E-03,-8.84422117E+00,-7.63819101E+00
-3.13000E-03,-8.84422117E+00,-7.23618096E+00
-3.10500E-03,-9.04522620E+00,-7.63819101E+00
-3.08000E-03,-8.84422117E+00,-7.63819101E+00
-3.05500E-03,-8.84422117E+00,-7.63819101E+00
-3.03000E-03,-9.04522620E+00,-7.63819101E+00
-3.00500E-03,-8.84422117E+00,-7.23618096E+00
-2.98000E-03,-8.84422117E+00,-7.63819101E+00
-2.95500E-03,-8.84422117E+00,-7.23618096E+00
-2.93000E-03,-8.84422117E+00,-7.63819101E+00
-2.90500E-03,-8.84422117E+00,-7.63819101E+00
-2.88000E-03,-8.84422117E+00,-7.63819101E+00
-2.85500E-03,-9.04522620E+00,-7.63819101E+00
-2.83000E-03,-8.64321615E+00,-7.23618096E+00
-2.80500E-03,-8.84422117E+00,-7.63819101E+00
-2.78000E-03,-8.84422117E+00,-8.04020107E+00
-2.75500E-03,-8.84422117E+00,-7.63819101E+00
-2.73000E-03,-8.64321615E+00,-7.23618096E+00
-2.70500E-03,-8.64321615E+00,-7.63819101E+00
-2.68000E-03,-8.84422117E+00,-7.63819101E+00
-2.65500E-03,-8.84422117E+00,-7.63819101E+00
-2.63000E-03,-8.84422117E+00,-7.23618096E+00
-2.60500E-03,-8.84422117E+00,-7.23618096E+00
-2.58000E-03,-8.84422117E+00,-7.63819101E+00
-2.55500E-03,-8.84422117E+00,-7.63819101E+00
-2.53000E-03,-8.64321615E+00,-7.63819101E+00
-2.50500E-03,-8.64321615E+00,-7.63819101E+00
-2.48000E-03,-8.64321615E+00,-7.63819101E+00
-2.45500E-03,-8.64321615E+00,-7.63819101E+00
-2.43000E-03,-8.84422117E+00,-7.63819101E+00
-2.40500E-03,-8.84422117E+00,-7.63819101E+00
-2.38000E-03,-8.84422117E+00,-7.63819101E+00
-2.35500E-03,-8.84422117E+00,-7.63819101E+00
-2.33000E-03,-8.84422117E+00,-7.23618096E+00
-2.30500E-03,-8.84422117E+00,-7.23618096E+00
-2.28000E-03,-8.84422117E+00,-7.63819101E+00
-2.25500E-03,-8.84422117E+00,-7.63819101E+00
-2.23000E-03,-8.84422117E+00,-7.63819101E+00
-2.20500E-03,-8.84422117E+00,-7.23618096E+00
-2.18000E-03,-8.84422117E+00,-7.63819101E+00
-2.15500E-03,-8.84422117E+00,-7.63819101E+00
-2.13000E-03,-8.64321615E+00,-7.63819101E+00
-2.10500E-03,-8.84422117E+00,-7.23618096E+00
-2.08000E-03,-9.04522620E+00,-7.63819101E+00
-2.05500E-03,-8.84422117E+00,-7.63819101E+00
-2.03000E-03,-8.84422117E+00,-7.63819101E+00
-2.00500E-03,-8.84422117E+00,-7.63819101E+00
-1.98000E-03,-8.84422117E+00,-7.63819101E+00
-1.95500E-03,-8.84422117E+00,-7.63819101E+00
-1.93000E-03,-8.84422117E+00,-7.63819101E+00
-1.90500E-03,-8.84422117E+00,-7.63819101E+00
-1.88000E-03,-8.64321615E+00,-7.63819101E+00
-1.85500E-03,-8.84422117E+00,-7.63819101E+00
-1.83000E-03,-8.84422117E+00,-7.63819101E+00
-1.80500E-03,-8.84422117E+00,-7.63819101E+00
-1.78000E-03,-8.64321615E+00,-7.63819101E+00
-1.75500E-03,-8.64321615E+00,-7.63819101E+00
-1.73000E-03,-8.84422117E+00,-7.23618096E+00
-1.70500E-03,-8.84422117E+00,-7.63819101E+00
-1.68000E-03,-8.84422117E+00,-7.63819101E+00
-1.65500E-03,-8.84422117E+00,-7.63819101E+00
-1.63000E-03,-8.84422117E+00,-7.63819101E+00
-1.60500E-03,-8.84422117E+00,-7.23618096E+00
-1.58000E-03,-8.64321615E+00,-7.63819101E+00
-1.55500E-03,-8.84422117E+00,-7.63819101E+00
-1.53000E-03,-8.64321615E+00,-7.63819101E+00
-1.50500E-03,-8.64321615E+00,-7.63819101E+00
-1.48000E-03,-8.84422117E+00,-7.63819101E+00
-1.45500E-03,-8.84422117E+00,-7.63819101E+00
-1.43000E-03,-8.84422117E+00,-8.04020107E+00
-1.40500E-03,-8.84422117E+00,-7.63819101E+00
-1.38000E-03,-8.84422117E+00,-7.63819101E+00
-1.35500E-03,-8.84422117E+00,-7.63819101E+00
-1.33000E-03,-8.84422117E+00,-7.63819101E+00
-1.30500E-03,-8.84422117E+00,-7.63819101E+00
-1.28000E-03,-8.84422117E+00,-7.63819101E+00
-1.25500E-03,-8.64321615E+00,-7.63819101E+00
-1.23000E-03,-8.64321615E+00,-7.63819101E+00
-1.20500E-03,-8.84422117E+00,-7.63819101E+00
-1.18000E-03,-8.84422117E+00,-7.23618096E+00
-1.15500E-03,-8.84422117E+00,-7.63819101E+00
-1.13000E-03,-8.84422117E+00,-7.63819101E+00
-1.10500E-03,-8.84422117E+00,-7.63819101E+00
-1.08000E-03,-8.64321615E+00,-7.63819101E+00
-1.05500E-03,-8.84422117E+00,-7.63819101E+00
-1.03000E-03,-8.84422117E+00,-7.63819101E+00
-1.00500E-03,-8.84422117E+00,-7.23618096E+00
-980.00E-06,-8.84422117E+00,-7.63819101E+00
-955.00E-06,-8.84422117E+00,-7.23618096E+00
-930.00E-06,-8.84422117E+00,-7.63819101E+00
-905.00E-06,-8.84422117E+00,-7.63819101E+00
-880.00E-06,-8.64321615E+00,-7.23618096E+00
-855.00E-06,-8.64321615E+00,-7.63819101E+00
-830.00E-06,-8.84422117E+00,-7.63819101E+00
-805.00E-06,-8.64321615E+00,-7.63819101E+00
-780.00E-06,-8.84422117E+00,-7.63819101E+00
-755.00E-06,-8.84422117E+00,-7.23618096E+00
-730.00E-06,-8.84422117E+00,-7.63819101E+00
-705.00E-06,-8.84422117E+00,-7.63819101E+00
-680.00E-06,-8.84422117E+00,-7.63819101E+00
-655.00E-06,-8.84422117E+00,-7.23618096E+00
-630.00E-06,-8.64321615E+00,-7.63819101E+00
-605.00E-06,-8.84422117E+00,-8.04020107E+00
-580.00E-06,-8.84422117E+00,-7.63819101E+00
-555.00E-06,-8.64321615E+00,-7.63819101E+00
-530.00E-06,-8.84422117E+00,-7.63819101E+00
-505.00E-06,-8.84422117E+00,-7.63819101E+00
-480.00E-06,-8.84422117E+00,-7.23618096E+00
-455.00E-06,-8.84422117E+00,-7.23618096E+00
-430.00E-06,-8.84422117E+00,-7.63819101E+00
-405.00E-06,-8.84422117E+00,-7.23618096E+00
-380.00E-06,-8.84422117E+00,-7.63819101E+00
-355.00E-06,-8.64321615E+00,-7.63819101E+00
-330.00E-06,-8.84422117E+00,-8.04020107E+00
-305.00E-06,-8.84422117E+00,-7.63819101E+00
-280.00E-06,-8.84422117E+00,-7.63819101E+00
-255.00E-06,-8.84422117E+00,-7.63819101E+00
-230.00E-06,-8.84422117E+00,-7.63819101E+00
-205.00E-06,-8.84422117E+00,-7.63819101E+00
-180.00E-06,-8.84422117E+00,-7.63819101E+00
-155.00E-06,-8.84422117E+00,-7.63819101E+00
-130.00E-06,-8.64321615E+00,-7.63819101E+00
-105.00E-06,-8.64321615E+00,-8.04020107E+00
-80.00E-06,-8.64321615E+00,-7.23618096E+00
-55.00E-06,-8.64321615E+00,-7.23618096E+00
-30.00E-06,-8.84422117E+00,-7.63819101E+00
-5.00E-06,-8.84422117E+00,-7.63819101E+00
+20.00E-06,+15.07537700E+00,-6.83417091E+00
+45.00E-06,+14.47236192E+00,-5.22613069E+00
+70.00E-06,+13.86934684E+00,-4.42211059E+00
+95.00E-06,+13.46733679E+00,-2.81407037E+00
+120.00E-06,+12.86432171E+00,-2.41206032E+00
+145.00E-06,+12.66331668E+00,-1.60804021E+00
+170.00E-06,+12.06030160E+00,-804.02011E-03
+195.00E-06,+11.65829155E+00,-0.0E+00
+220.00E-06,+11.25628150E+00,+402.01005E-03
+245.00E-06,+11.05527647E+00,+1.20603016E+00
+270.00E-06,+11.05527647E+00,+1.60804021E+00
+295.00E-06,+10.65326642E+00,+2.01005027E+00
+320.00E-06,+10.45226139E+00,+2.41206032E+00
+345.00E-06,+10.25125636E+00,+2.81407037E+00
+370.00E-06,+10.25125636E+00,+3.21608043E+00
+395.00E-06,+10.05025133E+00,+3.21608043E+00
+420.00E-06,+9.64824128E+00,+4.02010053E+00
+445.00E-06,+9.64824128E+00,+4.02010053E+00
+470.00E-06,+9.24623123E+00,+4.42211059E+00
+495.00E-06,+9.24623123E+00,+4.82412064E+00
+520.00E-06,+9.24623123E+00,+4.82412064E+00
+545.00E-06,+9.04522620E+00,+5.22613069E+00
+570.00E-06,+9.04522620E+00,+5.62814075E+00
+595.00E-06,+9.04522620E+00,+5.22613069E+00
+620.00E-06,+8.84422117E+00,+5.22613069E+00
+645.00E-06,+8.84422117E+00,+5.62814075E+00
+670.00E-06,+8.64321615E+00,+5.62814075E+00
+695.00E-06,+8.64321615E+00,+6.03015080E+00
+720.00E-06,+8.64321615E+00,+5.62814075E+00
+745.00E-06,+8.64321615E+00,+6.03015080E+00
+770.00E-06,+8.44221112E+00,+6.43216085E+00
+795.00E-06,+8.44221112E+00,+6.03015080E+00
+820.00E-06,+8.44221112E+00,+6.43216085E+00
+845.00E-06,+8.24120609E+00,+6.43216085E+00
+870.00E-06,+8.24120609E+00,+6.83417091E+00
+895.00E-06,+8.24120609E+00,+6.43216085E+00
+920.00E-06,+8.24120609E+00,+6.43216085E+00
+945.00E-06,+8.24120609E+00,+6.43216085E+00
+970.00E-06,+8.24120609E+00,+6.43216085E+00
+995.00E-06,+8.24120609E+00,+6.03015080E+00
+1.02000E-03,+8.24120609E+00,+6.43216085E+00
+1.04500E-03,+8.04020107E+00,+6.83417091E+00
+1.07000E-03,+8.24120609E+00,+6.43216085E+00
+1.09500E-03,+8.04020107E+00,+6.43216085E+00
+1.12000E-03,+8.24120609E+00,+6.83417091E+00
+1.14500E-03,+8.24120609E+00,+6.83417091E+00
+1.17000E-03,+8.24120609E+00,+6.83417091E+00
+1.19500E-03,+8.24120609E+00,+6.83417091E+00
+1.22000E-03,+8.04020107E+00,+6.83417091E+00
+1.24500E-03,+8.04020107E+00,+6.83417091E+00
+1.27000E-03,+8.04020107E+00,+6.83417091E+00
+1.29500E-03,+8.04020107E+00,+6.83417091E+00
+1.32000E-03,+8.04020107E+00,+6.83417091E+00
+1.34500E-03,+7.83919604E+00,+7.23618096E+00
+1.37000E-03,+8.04020107E+00,+6.83417091E+00
+1.39500E-03,+8.04020107E+00,+6.83417091E+00
+1.42000E-03,+8.04020107E+00,+6.83417091E+00
+1.44500E-03,+8.04020107E+00,+6.83417091E+00
+1.47000E-03,+8.04020107E+00,+7.23618096E+00
+1.49500E-03,+7.83919604E+00,+6.83417091E+00
+1.52000E-03,+8.04020107E+00,+6.83417091E+00
+1.54500E-03,+8.24120609E+00,+6.83417091E+00
+1.57000E-03,+7.83919604E+00,+6.83417091E+00
+1.59500E-03,+8.04020107E+00,+6.83417091E+00
+1.62000E-03,+7.83919604E+00,+7.23618096E+00
+1.64500E-03,+8.04020107E+00,+7.23618096E+00
+1.67000E-03,+8.04020107E+00,+7.23618096E+00
+1.69500E-03,+8.04020107E+00,+7.23618096E+00
+1.72000E-03,+8.04020107E+00,+6.83417091E+00
+1.74500E-03,+8.04020107E+00,+6.83417091E+00
+1.77000E-03,+8.04020107E+00,+7.23618096E+00
+1.79500E-03,+8.04020107E+00,+6.83417091E+00
+1.82000E-03,+7.83919604E+00,+6.83417091E+00
+1.84500E-03,+8.04020107E+00,+6.83417091E+00
+1.87000E-03,+8.04020107E+00,+6.83417091E+00
+1.89500E-03,+8.04020107E+00,+7.23618096E+00
+1.92000E-03,+8.04020107E+00,+6.83417091E+00
+1.94500E-03,+8.04020107E+00,+6.83417091E+00
+1.97000E-03,+7.83919604E+00,+6.83417091E+00
+1.99500E-03,+8.04020107E+00,+6.83417091E+00
+2.02000E-03,+8.24120609E+00,+6.83417091E+00
+2.04500E-03,+8.04020107E+00,+7.23618096E+00
+2.07000E-03,+7.83919604E+00,+6.83417091E+00
+2.09500E-03,+7.83919604E+00,+6.83417091E+00
+2.12000E-03,+8.04020107E+00,+7.23618096E+00
+2.14500E-03,+7.83919604E+00,+7.23618096E+00
+2.17000E-03,+8.04020107E+00,+6.83417091E+00
+2.19500E-03,+8.04020107E+00,+7.23618096E+00
+2.22000E-03,+7.83919604E+00,+7.23618096E+00
+2.24500E-03,+8.04020107E+00,+7.23618096E+00
+2.27000E-03,+7.83919604E+00,+6.83417091E+00
+2.29500E-03,+7.83919604E+00,+6.83417091E+00
+2.32000E-03,+8.04020107E+00,+7.23618096E+00
+2.34500E-03,+7.83919604E+00,+6.83417091E+00
+2.37000E-03,+7.83919604E+00,+7.23618096E+00
+2.39500E-03,+8.04020107E+00,+6.83417091E+00
+2.42000E-03,+8.04020107E+00,+7.23618096E+00
+2.44500E-03,+8.04020107E+00,+6.83417091E+00
+2.47000E-03,+8.24120609E+00,+7.23618096E+00
+2.49500E-03,+8.04020107E+00,+7.23618096E+00
+2.52000E-03,+8.04020107E+00,+6.83417091E+00
+2.54500E-03,+8.04020107E+00,+7.23618096E+00
+2.57000E-03,+7.83919604E+00,+7.23618096E+00
+2.59500E-03,+7.83919604E+00,+6.83417091E+00
+2.62000E-03,+8.04020107E+00,+6.83417091E+00
+2.64500E-03,+8.04020107E+00,+6.83417091E+00
+2.67000E-03,+7.83919604E+00,+7.23618096E+00
+2.69500E-03,+8.04020107E+00,+6.83417091E+00
+2.72000E-03,+8.04020107E+00,+6.83417091E+00
+2.74500E-03,+8.04020107E+00,+7.23618096E+00
+2.77000E-03,+7.83919604E+00,+7.23618096E+00
+2.79500E-03,+8.24120609E+00,+6.83417091E+00
+2.82000E-03,+7.83919604E+00,+6.83417091E+00
+2.84500E-03,+7.83919604E+00,+6.83417091E+00
+2.87000E-03,+8.04020107E+00,+7.23618096E+00
+2.89500E-03,+7.83919604E+00,+6.83417091E+00
+2.92000E-03,+8.04020107E+00,+7.23618096E+00
+2.94500E-03,+8.04020107E+00,+6.83417091E+00
+2.97000E-03,+8.04020107E+00,+6.83417091E+00
+2.99500E-03,+8.04020107E+00,+7.23618096E+00
+3.02000E-03,+8.04020107E+00,+6.83417091E+00
+3.04500E-03,+7.83919604E+00,+7.23618096E+00
+3.07000E-03,+8.04020107E+00,+6.83417091E+00
+3.09500E-03,+7.83919604E+00,+6.83417091E+00
+3.12000E-03,+7.83919604E+00,+6.83417091E+00
+3.14500E-03,+8.04020107E+00,+6.83417091E+00
+3.17000E-03,+7.83919604E+00,+7.23618096E+00
+3.19500E-03,+8.04020107E+00,+7.23618096E+00
+3.22000E-03,+8.04020107E+00,+6.83417091E+00
+3.24500E-03,+7.83919604E+00,+6.83417091E+00
+3.27000E-03,+8.04020107E+00,+7.23618096E+00
+3.29500E-03,+8.04020107E+00,+6.83417091E+00
+3.32000E-03,+8.04020107E+00,+7.23618096E+00
+3.34500E-03,+7.83919604E+00,+7.23618096E+00
+3.37000E-03,+8.04020107E+00,+6.83417091E+00
+3.39500E-03,+7.83919604E+00,+6.83417091E+00
+3.42000E-03,+8.04020107E+00,+7.23618096E+00
+3.44500E-03,+8.04020107E+00,+6.83417091E+00
+3.47000E-03,+8.04020107E+00,+7.23618096E+00
+3.49500E-03,+7.83919604E+00,+7.23618096E+00
+3.52000E-03,+8.04020107E+00,+7.23618096E+00
+3.54500E-03,+8.04020107E+00,+6.83417091E+00
+3.57000E-03,+7.83919604E+00,+6.83417091E+00
+3.59500E-03,+7.83919604E+00,+6.43216085E+00
+3.62000E-03,+8.04020107E+00,+7.23618096E+00
+3.64500E-03,+7.83919604E+00,+7.23618096E+00
+3.67000E-03,+8.04020107E+00,+6.83417091E+00
+3.69500E-03,+8.04020107E+00,+6.83417091E+00
+3.72000E-03,+8.04020107E+00,+6.83417091E+00
+3.74500E-03,+8.04020107E+00,+6.43216085E+00
+3.77000E-03,+7.83919604E+00,+6.83417091E+00
+3.79500E-03,+8.04020107E+00,+6.83417091E+00
+3.82000E-03,+8.04020107E+00,+6.83417091E+00
+3.84500E-03,+7.83919604E+00,+7.23618096E+00
+3.87000E-03,+8.04020107E+00,+6.83417091E+00
+3.89500E-03,+8.24120609E+00,+7.23618096E+00
+3.92000E-03,+8.04020107E+00,+6.83417091E+00
+3.94500E-03,+7.83919604E+00,+6.83417091E+00
+3.97000E-03,+8.04020107E+00,+6.83417091E+00
+3.99500E-03,+7.83919604E+00,+6.83417091E+00
+4.02000E-03,+8.04020107E+00,+6.83417091E+00
+4.04500E-03,+8.04020107E+00,+6.83417091E+00
+4.07000E-03,+8.04020107E+00,+6.83417091E+00
+4.09500E-03,+7.83919604E+00,+6.83417091E+00
+4.12000E-03,+7.83919604E+00,+6.83417091E+00
+4.14500E-03,+7.83919604E+00,+6.83417091E+00
+4.17000E-03,+8.24120609E+00,+6.83417091E+00
+4.19500E-03,+8.04020107E+00,+6.83417091E+00
+4.22000E-03,+8.04020107E+00,+6.83417091E+00
+4.24500E-03,+7.83919604E+00,+7.23618096E+00
+4.27000E-03,+8.04020107E+00,+6.83417091E+00
+4.29500E-03,+7.83919604E+00,+7.23618096E+00
+4.32000E-03,+8.04020107E+00,+6.83417091E+00
+4.34500E-03,+7.83919604E+00,+6.83417091E+00
+4.37000E-03,+8.04020107E+00,+6.83417091E+00
+4.39500E-03,+8.04020107E+00,+6.83417091E+00
+4.42000E-03,+8.04020107E+00,+7.23618096E+00
+4.44500E-03,+8.04020107E+00,+6.83417091E+00
+4.47000E-03,+7.83919604E+00,+7.23618096E+00
+4.49500E-03,+8.24120609E+00,+7.23618096E+00
+4.52000E-03,+7.83919604E+00,+6.83417091E+00
+4.54500E-03,+7.83919604E+00,+6.83417091E+00
+4.57000E-03,+8.04020107E+00,+6.83417091E+00
+4.59500E-03,+7.83919604E+00,+7.23618096E+00
+4.62000E-03,+8.04020107E+00,+7.23618096E+00
+4.64500E-03,+8.04020107E+00,+6.83417091E+00
+4.67000E-03,+7.83919604E+00,+6.83417091E+00
+4.69500E-03,+8.04020107E+00,+6.43216085E+00
+4.72000E-03,+7.83919604E+00,+6.83417091E+00
+4.74500E-03,+8.04020107E+00,+6.83417091E+00
+4.77000E-03,+8.04020107E+00,+7.23618096E+00
+4.79500E-03,+7.83919604E+00,+6.83417091E+00
+4.82000E-03,+7.83919604E+00,+7.23618096E+00
+4.84500E-03,+7.83919604E+00,+6.83417091E+00
+4.87000E-03,+8.04020107E+00,+7.23618096E+00
+4.89500E-03,+8.04020107E+00,+6.83417091E+00
+4.92000E-03,+8.04020107E+00,+6.83417091E+00
+4.94500E-03,+7.83919604E+00,+7.23618096E+00
+4.97000E-03,+8.04020107E+00,+6.83417091E+00
+4.99500E-03,+8.04020107E+00,+6.83417091E+00
+5.02000E-03,+7.83919604E+00,+7.23618096E+00
+5.04500E-03,+7.83919604E+00,+7.23618096E+00
+5.07000E-03,+7.83919604E+00,+7.23618096E+00
+5.09500E-03,+8.04020107E+00,+6.83417091E+00
+5.12000E-03,+7.83919604E+00,+7.23618096E+00
+5.14500E-03,+8.04020107E+00,+6.83417091E+00
+5.17000E-03,+8.04020107E+00,+6.83417091E+00
+5.19500E-03,-16.88442224E+00,+6.43216085E+00
+5.22000E-03,-16.08040214E+00,+5.22613069E+00
+5.24500E-03,-15.47738706E+00,+4.02010053E+00
+5.27000E-03,-15.07537700E+00,+2.81407037E+00
+5.29500E-03,-14.47236192E+00,+2.01005027E+00
+5.32000E-03,-14.07035187E+00,+1.20603016E+00
+5.34500E-03,-13.46733679E+00,+402.01005E-03
+5.37000E-03,-13.06532674E+00,-402.01005E-03
+5.39500E-03,-12.66331668E+00,-804.02011E-03
+5.42000E-03,-12.46231166E+00,-1.60804021E+00
+5.44500E-03,-12.06030160E+00,-2.01005027E+00
+5.47000E-03,-12.06030160E+00,-2.41206032E+00
+5.49500E-03,-11.45728652E+00,-3.21608043E+00
+5.52000E-03,-11.25628150E+00,-3.61809048E+00
+5.54500E-03,-11.05527647E+00,-4.02010053E+00
+5.57000E-03,-11.05527647E+00,-4.02010053E+00
+5.59500E-03,-10.65326642E+00,-4.42211059E+00
+5.62000E-03,-10.45226139E+00,-4.42211059E+00
+5.64500E-03,-10.45226139E+00,-4.82412064E+00
+5.67000E-03,-10.25125636E+00,-5.62814075E+00
+5.69500E-03,-10.25125636E+00,-5.22613069E+00
+5.72000E-03,-10.05025133E+00,-5.62814075E+00
+5.74500E-03,-9.84924631E+00,-6.03015080E+00
+5.77000E-03,-9.84924631E+00,-6.03015080E+00
+5.79500E-03,-9.64824128E+00,-6.03015080E+00
+5.82000E-03,-9.44723625E+00,-6.03015080E+00
+5.84500E-03,-9.64824128E+00,-6.43216085E+00
+5.87000E-03,-9.44723625E+00,-6.43216085E+00
+5.89500E-03,-9.44723625E+00,-6.83417091E+00
+5.92000E-03,-9.24623123E+00,-6.83417091E+00
+5.94500E-03,-9.44723625E+00,-6.83417091E+00
+5.97000E-03,-9.24623123E+00,-6.83417091E+00
+5.99500E-03,-9.44723625E+00,-6.83417091E+00
+6.02000E-03,-9.24623123E+00,-7.23618096E+00
+6.04500E-03,-9.04522620E+00,-6.83417091E+00
+6.07000E-03,-9.24623123E+00,-7.23618096E+00
+6.09500E-03,-9.04522620E+00,-7.63819101E+00
+6.12000E-03,-9.04522620E+00,-7.23618096E+00
+6.14500E-03,-9.24623123E+00,-7.23618096E+00
+6.17000E-03,-9.04522620E+00,-7.23618096E+00
+6.19500E-03,-9.04522620E+00,-7.23618096E+00
+6.22000E-03,-9.04522620E+00,-7.63819101E+00
+6.24500E-03,-9.04522620E+00,-7.23618096E+00
+6.27000E-03,-9.04522620E+00,-7.23618096E+00
+6.29500E-03,-9.04522620E+00,-7.23618096E+00
+6.32000E-03,-8.84422117E+00,-7.23618096E+00
+6.34500E-03,-8.84422117E+00,-7.23618096E+00
+6.37000E-03,-9.04522620E+00,-7.23618096E+00
+6.39500E-03,-8.84422117E+00,-7.63819101E+00
+6.42000E-03,-8.84422117E+00,-7.23618096E+00
+6.44500E-03,-8.84422117E+00,-7.63819101E+00
+6.47000E-03,-8.84422117E+00,-7.23618096E+00
+6.49500E-03,-8.84422117E+00,-7.63819101E+00
+6.52000E-03,-8.84422117E+00,-7.63819101E+00
+6.54500E-03,-8.84422117E+00,-7.63819101E+00
+6.57000E-03,-8.84422117E+00,-8.04020107E+00
+6.59500E-03,-9.04522620E+00,-7.23618096E+00
+6.62000E-03,-8.84422117E+00,-7.63819101E+00
+6.64500E-03,-8.84422117E+00,-7.23618096E+00
+6.67000E-03,-8.64321615E+00,-7.63819101E+00
+6.69500E-03,-8.84422117E+00,-7.23618096E+00
+6.72000E-03,-8.64321615E+00,-7.23618096E+00
+6.74500E-03,-8.84422117E+00,-8.04020107E+00
+6.77000E-03,-9.04522620E+00,-7.23618096E+00
+6.79500E-03,-9.04522620E+00,-7.23618096E+00
+6.82000E-03,-8.84422117E+00,-7.63819101E+00
+6.84500E-03,-8.84422117E+00,-7.63819101E+00
+6.87000E-03,-9.04522620E+00,-7.63819101E+00
+6.89500E-03,-8.64321615E+00,-7.63819101E+00
+6.92000E-03,-8.84422117E+00,-7.63819101E+00
+6.94500E-03,-8.84422117E+00,-7.63819101E+00
+6.97000E-03,-8.84422117E+00,-7.63819101E+00
+6.99500E-03,-8.84422117E+00,-7.63819101E+00
+7.02000E-03,-8.84422117E+00,-7.63819101E+00
+7.04500E-03,-8.64321615E+00,-7.63819101E+00
+7.07000E-03,-8.84422117E+00,-7.23618096E+00
+7.09500E-03,-8.84422117E+00,-7.63819101E+00
+7.12000E-03,-8.84422117E+00,-7.63819101E+00
+7.14500E-03,-8.64321615E+00,-7.63819101E+00
+7.17000E-03,-8.84422117E+00,-7.63819101E+00
+7.19500E-03,-8.84422117E+00,-7.63819101E+00
+7.22000E-03,-8.84422117E+00,-7.63819101E+00
+7.24500E-03,-8.84422117E+00,-7.63819101E+00
+7.27000E-03,-8.84422117E+00,-7.23618096E+00
+7.29500E-03,-8.84422117E+00,-7.63819101E+00
+7.32000E-03,-8.84422117E+00,-7.63819101E+00
+7.34500E-03,-8.84422117E+00,-7.63819101E+00
+7.37000E-03,-9.04522620E+00,-7.63819101E+00
+7.39500E-03,-8.84422117E+00,-7.23618096E+00
+7.42000E-03,-8.84422117E+00,-7.63819101E+00
+7.44500E-03,-8.84422117E+00,-7.63819101E+00
+7.47000E-03,-8.84422117E+00,-8.04020107E+00
+7.49500E-03,-8.64321615E+00,-7.63819101E+00
+7.52000E-03,-8.84422117E+00,-7.63819101E+00
+7.54500E-03,-8.84422117E+00,-7.63819101E+00
+7.57000E-03,-8.84422117E+00,-7.23618096E+00
+7.59500E-03,-8.64321615E+00,-7.63819101E+00
+7.62000E-03,-8.84422117E+00,-7.63819101E+00
+7.64500E-03,-8.64321615E+00,-7.63819101E+00
+7.67000E-03,-8.84422117E+00,-7.63819101E+00
+7.69500E-03,-8.64321615E+00,-7.63819101E+00
+7.72000E-03,-8.84422117E+00,-7.63819101E+00
+7.74500E-03,-8.64321615E+00,-7.63819101E+00
+7.77000E-03,-8.64321615E+00,-7.63819101E+00
+7.79500E-03,-8.64321615E+00,-7.63819101E+00
+7.82000E-03,-8.84422117E+00,-7.63819101E+00
+7.84500E-03,-8.84422117E+00,-7.63819101E+00
+7.87000E-03,-8.84422117E+00,-7.63819101E+00
+7.89500E-03,-8.64321615E+00,-7.63819101E+00
+7.92000E-03,-8.84422117E+00,-7.63819101E+00
+7.94500E-03,-8.84422117E+00,-7.63819101E+00
+7.97000E-03,-8.84422117E+00,-7.63819101E+00
+7.99500E-03,-8.64321615E+00,-7.63819101E+00
+8.02000E-03,-8.84422117E+00,-7.63819101E+00
+8.04500E-03,-8.64321615E+00,-7.63819101E+00
+8.07000E-03,-8.84422117E+00,-7.63819101E+00
+8.09500E-03,-8.84422117E+00,-7.63819101E+00
+8.12000E-03,-8.84422117E+00,-7.63819101E+00
+8.14500E-03,-8.84422117E+00,-7.63819101E+00
+8.17000E-03,-8.84422117E+00,-7.63819101E+00
+8.19500E-03,-8.84422117E+00,-7.63819101E+00
+8.22000E-03,-8.84422117E+00,-7.63819101E+00
+8.24500E-03,-8.64321615E+00,-7.63819101E+00
+8.27000E-03,-8.84422117E+00,-7.63819101E+00
+8.29500E-03,-8.84422117E+00,-7.63819101E+00
+8.32000E-03,-8.84422117E+00,-7.63819101E+00
+8.34500E-03,-8.64321615E+00,-7.63819101E+00
+8.37000E-03,-8.84422117E+00,-7.23618096E+00
+8.39500E-03,-8.84422117E+00,-7.63819101E+00
+8.42000E-03,-8.84422117E+00,-7.63819101E+00
+8.44500E-03,-8.84422117E+00,-7.63819101E+00
+8.47000E-03,-8.64321615E+00,-7.63819101E+00
+8.49500E-03,-8.84422117E+00,-7.23618096E+00
+8.52000E-03,-8.84422117E+00,-7.63819101E+00
+8.54500E-03,-8.84422117E+00,-7.63819101E+00
+8.57000E-03,-9.04522620E+00,-7.63819101E+00
+8.59500E-03,-8.84422117E+00,-7.63819101E+00
+8.62000E-03,-8.84422117E+00,-7.23618096E+00
+8.64500E-03,-8.84422117E+00,-7.63819101E+00
+8.67000E-03,-8.64321615E+00,-7.63819101E+00
+8.69500E-03,-8.84422117E+00,-7.63819101E+00
+8.72000E-03,-8.84422117E+00,-7.63819101E+00
+8.74500E-03,-8.84422117E+00,-7.63819101E+00
+8.77000E-03,-8.84422117E+00,-7.23618096E+00
+8.79500E-03,-9.04522620E+00,-7.63819101E+00
+8.82000E-03,-8.64321615E+00,-7.63819101E+00
+8.84500E-03,-8.84422117E+00,-7.23618096E+00
+8.87000E-03,-8.64321615E+00,-7.63819101E+00
+8.89500E-03,-8.64321615E+00,-7.63819101E+00
+8.92000E-03,-8.84422117E+00,-7.63819101E+00
+8.94500E-03,-8.84422117E+00,-7.63819101E+00
+8.97000E-03,-8.84422117E+00,-7.63819101E+00
+8.99500E-03,-8.84422117E+00,-7.63819101E+00
+9.02000E-03,-8.84422117E+00,-7.63819101E+00
+9.04500E-03,-8.84422117E+00,-7.23618096E+00
+9.07000E-03,-8.84422117E+00,-7.63819101E+00
+9.09500E-03,-8.64321615E+00,-7.63819101E+00
+9.12000E-03,-8.84422117E+00,-7.63819101E+00
+9.14500E-03,-8.84422117E+00,-7.63819101E+00
+9.17000E-03,-9.04522620E+00,-8.04020107E+00
+9.19500E-03,-8.64321615E+00,-7.63819101E+00
+9.22000E-03,-8.64321615E+00,-7.63819101E+00
+9.24500E-03,-8.84422117E+00,-7.63819101E+00
+9.27000E-03,-8.64321615E+00,-7.23618096E+00
+9.29500E-03,-8.84422117E+00,-7.63819101E+00
+9.32000E-03,-8.64321615E+00,-7.63819101E+00
+9.34500E-03,-8.84422117E+00,-7.63819101E+00
+9.37000E-03,-8.84422117E+00,-7.63819101E+00
+9.39500E-03,-8.64321615E+00,-7.23618096E+00
+9.42000E-03,-8.84422117E+00,-7.63819101E+00
+9.44500E-03,-8.84422117E+00,-7.63819101E+00
+9.47000E-03,-8.84422117E+00,-7.23618096E+00
+9.49500E-03,-8.84422117E+00,-7.63819101E+00
+9.52000E-03,-8.84422117E+00,-7.63819101E+00
+9.54500E-03,-8.64321615E+00,-7.23618096E+00
+9.57000E-03,-8.84422117E+00,-7.63819101E+00
+9.59500E-03,-8.84422117E+00,-7.63819101E+00
+9.62000E-03,-8.64321615E+00,-7.23618096E+00
+9.64500E-03,-8.84422117E+00,-7.63819101E+00
+9.67000E-03,-8.64321615E+00,-7.63819101E+00
+9.69500E-03,-8.84422117E+00,-7.23618096E+00
+9.72000E-03,-8.84422117E+00,-7.23618096E+00
+9.74500E-03,-8.64321615E+00,-7.63819101E+00
+9.77000E-03,-8.64321615E+00,-7.63819101E+00
+9.79500E-03,-8.64321615E+00,-7.63819101E+00
+9.82000E-03,-8.84422117E+00,-7.63819101E+00
+9.84500E-03,-8.64321615E+00,-7.63819101E+00
+9.87000E-03,-8.84422117E+00,-7.63819101E+00
+9.89500E-03,-8.84422117E+00,-7.63819101E+00
+9.92000E-03,-8.84422117E+00,-7.63819101E+00
+9.94500E-03,-8.84422117E+00,-7.63819101E+00
+9.97000E-03,-8.64321615E+00,-7.23618096E+00
+9.99500E-03,-8.84422117E+00,-7.63819101E+00
+10.02000E-03,-8.84422117E+00,-7.63819101E+00
+10.04500E-03,+15.07537700E+00,-6.43216085E+00
+10.07000E-03,+14.47236192E+00,-5.22613069E+00
+10.09500E-03,+13.86934684E+00,-4.02010053E+00
+10.12000E-03,+13.26633176E+00,-3.21608043E+00
+10.14500E-03,+13.06532674E+00,-2.41206032E+00
+10.17000E-03,+12.26130663E+00,-1.20603016E+00
+10.19500E-03,+12.06030160E+00,-804.02011E-03
+10.22000E-03,+11.65829155E+00,+402.01005E-03
+10.24500E-03,+11.45728652E+00,+402.01005E-03
+10.27000E-03,+11.25628150E+00,+804.02011E-03
+10.29500E-03,+10.65326642E+00,+1.20603016E+00
+10.32000E-03,+10.65326642E+00,+1.60804021E+00
+10.34500E-03,+10.25125636E+00,+2.81407037E+00
+10.37000E-03,+10.25125636E+00,+3.21608043E+00
+10.39500E-03,+10.05025133E+00,+3.61809048E+00
+10.42000E-03,+9.84924631E+00,+3.21608043E+00
+10.44500E-03,+9.64824128E+00,+3.61809048E+00
+10.47000E-03,+9.64824128E+00,+4.02010053E+00
+10.49500E-03,+9.44723625E+00,+4.02010053E+00
+10.52000E-03,+9.44723625E+00,+4.42211059E+00
+10.54500E-03,+9.04522620E+00,+4.82412064E+00
+10.57000E-03,+9.24623123E+00,+4.82412064E+00
+10.59500E-03,+9.04522620E+00,+5.22613069E+00
+10.62000E-03,+8.84422117E+00,+5.62814075E+00
+10.64500E-03,+8.84422117E+00,+5.62814075E+00
+10.67000E-03,+8.64321615E+00,+5.62814075E+00
+10.69500E-03,+8.64321615E+00,+5.62814075E+00
+10.72000E-03,+8.64321615E+00,+5.62814075E+00
+10.74500E-03,+8.44221112E+00,+6.03015080E+00
+10.77000E-03,+8.44221112E+00,+6.03015080E+00
+10.79500E-03,+8.24120609E+00,+6.03015080E+00
+10.82000E-03,+8.24120609E+00,+6.03015080E+00
+10.84500E-03,+8.44221112E+00,+6.43216085E+00
+10.87000E-03,+8.24120609E+00,+6.03015080E+00
+10.89500E-03,+8.24120609E+00,+6.43216085E+00
+10.92000E-03,+8.24120609E+00,+6.43216085E+00
+10.94500E-03,+8.24120609E+00,+6.43216085E+00
+10.97000E-03,+8.24120609E+00,+6.83417091E+00
+10.99500E-03,+8.24120609E+00,+6.43216085E+00
+11.02000E-03,+8.04020107E+00,+6.43216085E+00
+11.04500E-03,+8.24120609E+00,+6.83417091E+00
+11.07000E-03,+8.04020107E+00,+6.43216085E+00
+11.09500E-03,+8.04020107E+00,+6.83417091E+00
+11.12000E-03,+8.04020107E+00,+6.83417091E+00
+11.14500E-03,+8.04020107E+00,+6.83417091E+00
+11.17000E-03,+8.04020107E+00,+6.83417091E+00
+11.19500E-03,+8.04020107E+00,+6.83417091E+00
+11.22000E-03,+8.04020107E+00,+6.83417091E+00
+11.24500E-03,+8.04020107E+00,+6.83417091E+00
+11.27000E-03,+8.04020107E+00,+6.83417091E+00
+11.29500E-03,+8.04020107E+00,+6.83417091E+00
+11.32000E-03,+8.04020107E+00,+7.23618096E+00
+11.34500E-03,+8.04020107E+00,+6.83417091E+00
+11.37000E-03,+8.24120609E+00,+6.83417091E+00
+11.39500E-03,+8.04020107E+00,+6.83417091E+00
+11.42000E-03,+8.04020107E+00,+6.83417091E+00
+11.44500E-03,+8.04020107E+00,+6.83417091E+00
+11.47000E-03,+8.04020107E+00,+6.83417091E+00
+11.49500E-03,+8.04020107E+00,+6.83417091E+00
+11.52000E-03,+8.04020107E+00,+6.83417091E+00
+11.54500E-03,+8.04020107E+00,+7.23618096E+00
+11.57000E-03,+8.04020107E+00,+7.23618096E+00
+11.59500E-03,+8.04020107E+00,+6.83417091E+00
+11.62000E-03,+8.04020107E+00,+6.83417091E+00
+11.64500E-03,+8.04020107E+00,+7.23618096E+00
+11.67000E-03,+7.83919604E+00,+6.83417091E+00
+11.69500E-03,+7.83919604E+00,+7.23618096E+00
+11.72000E-03,+8.04020107E+00,+6.83417091E+00
+11.74500E-03,+8.04020107E+00,+6.43216085E+00
+11.77000E-03,+8.04020107E+00,+7.23618096E+00
+11.79500E-03,+8.04020107E+00,+6.83417091E+00
+11.82000E-03,+8.24120609E+00,+7.23618096E+00
+11.84500E-03,+8.04020107E+00,+7.23618096E+00
+11.87000E-03,+8.04020107E+00,+6.83417091E+00
+11.89500E-03,+8.04020107E+00,+6.83417091E+00
+11.92000E-03,+8.04020107E+00,+6.83417091E+00
+11.94500E-03,+8.04020107E+00,+6.43216085E+00
+11.97000E-03,+8.04020107E+00,+6.83417091E+00
+11.99500E-03,+8.04020107E+00,+6.83417091E+00
+12.02000E-03,+7.83919604E+00,+7.23618096E+00
+12.04500E-03,+8.04020107E+00,+6.83417091E+00
+12.07000E-03,+8.04020107E+00,+6.83417091E+00
+12.09500E-03,+7.83919604E+00,+6.83417091E+00
+12.12000E-03,+7.83919604E+00,+6.83417091E+00
+12.14500E-03,+7.83919604E+00,+6.83417091E+00
+12.17000E-03,+7.83919604E+00,+6.83417091E+00
+12.19500E-03,+8.04020107E+00,+7.23618096E+00
+12.22000E-03,+8.04020107E+00,+7.23618096E+00
+12.24500E-03,+7.83919604E+00,+7.23618096E+00
+12.27000E-03,+8.04020107E+00,+7.23618096E+00
+12.29500E-03,+8.04020107E+00,+7.23618096E+00
+12.32000E-03,+8.04020107E+00,+6.83417091E+00
+12.34500E-03,+7.83919604E+00,+7.23618096E+00
+12.37000E-03,+8.04020107E+00,+7.23618096E+00
+12.39500E-03,+7.83919604E+00,+7.23618096E+00
+12.42000E-03,+7.83919604E+00,+6.83417091E+00
+12.44500E-03,+7.83919604E+00,+7.23618096E+00
+12.47000E-03,+8.04020107E+00,+7.23618096E+00
+12.49500E-03,+7.83919604E+00,+6.83417091E+00
+12.52000E-03,+8.04020107E+00,+6.83417091E+00
+12.54500E-03,+8.04020107E+00,+7.23618096E+00
+12.57000E-03,+8.04020107E+00,+7.23618096E+00
+12.59500E-03,+8.04020107E+00,+7.23618096E+00
+12.62000E-03,+7.83919604E+00,+7.23618096E+00
+12.64500E-03,+8.04020107E+00,+7.23618096E+00
+12.67000E-03,+8.04020107E+00,+6.83417091E+00
+12.69500E-03,+8.04020107E+00,+6.83417091E+00
+12.72000E-03,+7.83919604E+00,+6.83417091E+00
+12.74500E-03,+8.04020107E+00,+6.83417091E+00
+12.77000E-03,+8.04020107E+00,+6.83417091E+00
+12.79500E-03,+8.04020107E+00,+6.83417091E+00
+12.82000E-03,+8.04020107E+00,+6.83417091E+00
+12.84500E-03,+8.04020107E+00,+6.83417091E+00
+12.87000E-03,+7.83919604E+00,+6.83417091E+00
+12.89500E-03,+7.83919604E+00,+7.23618096E+00
+12.92000E-03,+8.04020107E+00,+6.83417091E+00
+12.94500E-03,+8.04020107E+00,+6.83417091E+00
+12.97000E-03,+7.83919604E+00,+6.83417091E+00
+12.99500E-03,+8.04020107E+00,+6.83417091E+00
+13.02000E-03,+8.04020107E+00,+6.83417091E+00
+13.04500E-03,+8.04020107E+00,+6.83417091E+00
+13.07000E-03,+8.04020107E+00,+6.83417091E+00
+13.09500E-03,+7.83919604E+00,+6.83417091E+00
+13.12000E-03,+8.04020107E+00,+6.83417091E+00
+13.14500E-03,+8.04020107E+00,+7.23618096E+00
+13.17000E-03,+7.83919604E+00,+7.23618096E+00
+13.19500E-03,+8.04020107E+00,+6.83417091E+00
+13.22000E-03,+7.83919604E+00,+7.23618096E+00
+13.24500E-03,+7.83919604E+00,+7.23618096E+00
+13.27000E-03,+7.83919604E+00,+6.83417091E+00
+13.29500E-03,+8.04020107E+00,+6.83417091E+00
+13.32000E-03,+8.04020107E+00,+6.83417091E+00
+13.34500E-03,+8.04020107E+00,+7.23618096E+00
+13.37000E-03,+8.04020107E+00,+7.23618096E+00
+13.39500E-03,+8.04020107E+00,+7.23618096E+00
+13.42000E-03,+7.83919604E+00,+7.23618096E+00
+13.44500E-03,+8.04020107E+00,+6.83417091E+00
+13.47000E-03,+7.83919604E+00,+6.83417091E+00
+13.49500E-03,+8.04020107E+00,+7.23618096E+00
+13.52000E-03,+8.04020107E+00,+6.83417091E+00
+13.54500E-03,+7.83919604E+00,+6.83417091E+00
+13.57000E-03,+8.04020107E+00,+6.83417091E+00
+13.59500E-03,+8.04020107E+00,+6.83417091E+00
+13.62000E-03,+8.04020107E+00,+6.83417091E+00
+13.64500E-03,+8.04020107E+00,+6.83417091E+00
+13.67000E-03,+8.04020107E+00,+6.43216085E+00
+13.69500E-03,+7.83919604E+00,+7.23618096E+00
+13.72000E-03,+8.04020107E+00,+7.23618096E+00
+13.74500E-03,+8.04020107E+00,+6.83417091E+00
+13.77000E-03,+8.04020107E+00,+7.23618096E+00
+13.79500E-03,+8.04020107E+00,+7.23618096E+00
+13.82000E-03,+7.83919604E+00,+6.83417091E+00
+13.84500E-03,+7.83919604E+00,+6.83417091E+00
+13.87000E-03,+8.04020107E+00,+6.83417091E+00
+13.89500E-03,+8.04020107E+00,+7.23618096E+00
+13.92000E-03,+8.04020107E+00,+7.23618096E+00
+13.94500E-03,+8.04020107E+00,+6.83417091E+00
+13.97000E-03,+8.04020107E+00,+6.83417091E+00
+13.99500E-03,+8.04020107E+00,+7.23618096E+00
+14.02000E-03,+7.83919604E+00,+6.83417091E+00
+14.04500E-03,+7.83919604E+00,+7.23618096E+00
+14.07000E-03,+8.04020107E+00,+6.83417091E+00
+14.09500E-03,+8.04020107E+00,+6.83417091E+00
+14.12000E-03,+7.83919604E+00,+6.83417091E+00
+14.14500E-03,+7.83919604E+00,+6.83417091E+00
+14.17000E-03,+8.04020107E+00,+6.83417091E+00
+14.19500E-03,+7.83919604E+00,+6.83417091E+00
+14.22000E-03,+8.04020107E+00,+6.83417091E+00
+14.24500E-03,+7.83919604E+00,+6.83417091E+00
+14.27000E-03,+7.83919604E+00,+7.23618096E+00
+14.29500E-03,+7.83919604E+00,+7.23618096E+00
+14.32000E-03,+8.04020107E+00,+6.83417091E+00
+14.34500E-03,+8.04020107E+00,+6.83417091E+00
+14.37000E-03,+8.04020107E+00,+6.83417091E+00
+14.39500E-03,+7.83919604E+00,+6.83417091E+00
+14.42000E-03,+8.04020107E+00,+7.23618096E+00
+14.44500E-03,+8.04020107E+00,+6.83417091E+00
+14.47000E-03,+8.04020107E+00,+6.83417091E+00
+14.49500E-03,+7.83919604E+00,+6.83417091E+00
+14.52000E-03,+7.83919604E+00,+7.23618096E+00
+14.54500E-03,+8.04020107E+00,+6.83417091E+00
+14.57000E-03,+7.83919604E+00,+6.83417091E+00
+14.59500E-03,+8.04020107E+00,+6.83417091E+00
+14.62000E-03,+7.83919604E+00,+6.83417091E+00
+14.64500E-03,+8.04020107E+00,+7.23618096E+00
+14.67000E-03,+8.04020107E+00,+6.83417091E+00
+14.69500E-03,+7.83919604E+00,+6.83417091E+00
+14.72000E-03,+8.04020107E+00,+6.83417091E+00
+14.74500E-03,+8.04020107E+00,+6.83417091E+00
+14.77000E-03,+8.04020107E+00,+6.83417091E+00
+14.79500E-03,+8.04020107E+00,+6.83417091E+00
+14.82000E-03,+8.04020107E+00,+6.83417091E+00
+14.84500E-03,+7.83919604E+00,+6.83417091E+00
+14.87000E-03,+8.04020107E+00,+7.23618096E+00
+14.89500E-03,+8.04020107E+00,+6.83417091E+00
+14.92000E-03,+8.04020107E+00,+6.83417091E+00
+14.94500E-03,+7.83919604E+00,+7.23618096E+00
+14.97000E-03,+8.04020107E+00,+7.23618096E+00
+14.99500E-03,+7.83919604E+00,+6.83417091E+00
+15.02000E-03,+8.04020107E+00,+6.83417091E+00
+15.04500E-03,+8.04020107E+00,+6.83417091E+00
+15.07000E-03,+7.83919604E+00,+7.23618096E+00
+15.09500E-03,+8.04020107E+00,+6.83417091E+00
+15.12000E-03,+8.04020107E+00,+6.83417091E+00
+15.14500E-03,+7.83919604E+00,+6.83417091E+00
+15.17000E-03,+7.83919604E+00,+6.83417091E+00
+15.19500E-03,-16.68341722E+00,+6.43216085E+00
+15.22000E-03,-16.08040214E+00,+5.22613069E+00
+15.24500E-03,-15.47738706E+00,+3.61809048E+00
+15.27000E-03,-14.87437198E+00,+2.81407037E+00
+15.29500E-03,-14.27135690E+00,+2.41206032E+00
+15.32000E-03,-13.86934684E+00,+804.02011E-03
+15.34500E-03,-13.46733679E+00,+402.01005E-03
+15.37000E-03,-13.06532674E+00,-402.01005E-03
+15.39500E-03,-12.66331668E+00,-1.20603016E+00
+15.42000E-03,-12.26130663E+00,-1.60804021E+00
+15.44500E-03,-12.06030160E+00,-2.41206032E+00
+15.47000E-03,-11.85929658E+00,-2.81407037E+00
+15.49500E-03,-11.65829155E+00,-3.61809048E+00
+15.52000E-03,-11.25628150E+00,-3.61809048E+00
+15.54500E-03,-11.05527647E+00,-4.02010053E+00
+15.57000E-03,-10.85427144E+00,-4.42211059E+00
+15.59500E-03,-10.65326642E+00,-4.42211059E+00
+15.62000E-03,-10.45226139E+00,-4.82412064E+00
+15.64500E-03,-10.45226139E+00,-4.82412064E+00
+15.67000E-03,-10.25125636E+00,-5.22613069E+00
+15.69500E-03,-10.25125636E+00,-5.62814075E+00
+15.72000E-03,-10.05025133E+00,-5.62814075E+00
+15.74500E-03,-9.84924631E+00,-5.62814075E+00
+15.77000E-03,-9.64824128E+00,-6.03015080E+00
+15.79500E-03,-9.84924631E+00,-6.43216085E+00
+15.82000E-03,-9.64824128E+00,-6.43216085E+00
+15.84500E-03,-9.44723625E+00,-6.43216085E+00
+15.87000E-03,-9.64824128E+00,-6.83417091E+00
+15.89500E-03,-9.44723625E+00,-6.83417091E+00
+15.92000E-03,-9.44723625E+00,-6.83417091E+00
+15.94500E-03,-9.24623123E+00,-6.83417091E+00
+15.97000E-03,-9.24623123E+00,-6.83417091E+00
+15.99500E-03,-9.24623123E+00,-6.83417091E+00
+16.02000E-03,-9.24623123E+00,-6.83417091E+00
+16.04500E-03,-9.24623123E+00,-7.23618096E+00
+16.07000E-03,-9.04522620E+00,-7.23618096E+00
+16.09500E-03,-9.04522620E+00,-6.83417091E+00
+16.12000E-03,-9.04522620E+00,-7.23618096E+00
+16.14500E-03,-9.04522620E+00,-7.23618096E+00
+16.17000E-03,-9.04522620E+00,-7.23618096E+00
+16.19500E-03,-9.04522620E+00,-7.23618096E+00
+16.22000E-03,-8.84422117E+00,-7.23618096E+00
+16.24500E-03,-9.04522620E+00,-7.23618096E+00
+16.27000E-03,-9.04522620E+00,-7.23618096E+00
+16.29500E-03,-9.04522620E+00,-7.63819101E+00
+16.32000E-03,-9.04522620E+00,-7.63819101E+00
+16.34500E-03,-9.04522620E+00,-7.23618096E+00
+16.37000E-03,-9.04522620E+00,-7.63819101E+00
+16.39500E-03,-9.04522620E+00,-7.23618096E+00
+16.42000E-03,-9.04522620E+00,-7.23618096E+00
+16.44500E-03,-8.84422117E+00,-7.23618096E+00
+16.47000E-03,-8.84422117E+00,-7.23618096E+00
+16.49500E-03,-8.84422117E+00,-7.23618096E+00
+16.52000E-03,-8.84422117E+00,-7.63819101E+00
+16.54500E-03,-9.04522620E+00,-7.63819101E+00
+16.57000E-03,-8.84422117E+00,-7.63819101E+00
+16.59500E-03,-8.84422117E+00,-7.63819101E+00
+16.62000E-03,-8.84422117E+00,-7.63819101E+00
+16.64500E-03,-9.04522620E+00,-7.63819101E+00
+16.67000E-03,-8.84422117E+00,-7.63819101E+00
+16.69500E-03,-8.84422117E+00,-7.63819101E+00
+16.72000E-03,-8.84422117E+00,-7.63819101E+00
+16.74500E-03,-8.84422117E+00,-7.23618096E+00
+16.77000E-03,-8.84422117E+00,-7.63819101E+00
+16.79500E-03,-8.84422117E+00,-7.23618096E+00
+16.82000E-03,-8.84422117E+00,-7.63819101E+00
+16.84500E-03,-9.04522620E+00,-7.63819101E+00
+16.87000E-03,-8.84422117E+00,-7.23618096E+00
+16.89500E-03,-8.84422117E+00,-7.23618096E+00
+16.92000E-03,-8.84422117E+00,-7.63819101E+00
+16.94500E-03,-8.84422117E+00,-7.63819101E+00
+16.97000E-03,-8.64321615E+00,-7.63819101E+00
+16.99500E-03,-8.84422117E+00,-7.23618096E+00
+17.02000E-03,-8.64321615E+00,-7.63819101E+00
+17.04500E-03,-8.84422117E+00,-7.63819101E+00
+17.07000E-03,-8.84422117E+00,-7.63819101E+00
+17.09500E-03,-8.84422117E+00,-7.63819101E+00
+17.12000E-03,-8.84422117E+00,-7.63819101E+00
+17.14500E-03,-8.64321615E+00,-7.63819101E+00
+17.17000E-03,-8.84422117E+00,-7.63819101E+00
+17.19500E-03,-9.04522620E+00,-7.63819101E+00
+17.22000E-03,-8.84422117E+00,-7.63819101E+00
+17.24500E-03,-8.84422117E+00,-7.63819101E+00
+17.27000E-03,-8.84422117E+00,-7.63819101E+00
+17.29500E-03,-9.04522620E+00,-7.63819101E+00
+17.32000E-03,-8.84422117E+00,-7.63819101E+00
+17.34500E-03,-9.04522620E+00,-8.04020107E+00
+17.37000E-03,-8.64321615E+00,-7.23618096E+00
+17.39500E-03,-8.84422117E+00,-7.63819101E+00
+17.42000E-03,-8.64321615E+00,-7.23618096E+00
+17.44500E-03,-8.84422117E+00,-7.63819101E+00
+17.47000E-03,-8.84422117E+00,-7.63819101E+00
+17.49500E-03,-8.64321615E+00,-7.63819101E+00
+17.52000E-03,-8.64321615E+00,-8.04020107E+00
+17.54500E-03,-8.84422117E+00,-7.63819101E+00
+17.57000E-03,-8.84422117E+00,-7.63819101E+00
+17.59500E-03,-9.04522620E+00,-7.23618096E+00
+17.62000E-03,-8.84422117E+00,-7.63819101E+00
+17.64500E-03,-9.04522620E+00,-7.63819101E+00
+17.67000E-03,-8.84422117E+00,-7.63819101E+00
+17.69500E-03,-8.84422117E+00,-7.63819101E+00
+17.72000E-03,-8.64321615E+00,-7.63819101E+00
+17.74500E-03,-8.84422117E+00,-7.63819101E+00
+17.77000E-03,-8.84422117E+00,-7.63819101E+00
+17.79500E-03,-8.84422117E+00,-7.23618096E+00
+17.82000E-03,-8.84422117E+00,-7.63819101E+00
+17.84500E-03,-8.64321615E+00,-7.63819101E+00
+17.87000E-03,-8.84422117E+00,-7.63819101E+00
+17.89500E-03,-8.84422117E+00,-7.23618096E+00
+17.92000E-03,-8.64321615E+00,-8.04020107E+00
+17.94500E-03,-9.04522620E+00,-7.63819101E+00
+17.97000E-03,-8.84422117E+00,-7.23618096E+00
+17.99500E-03,-8.84422117E+00,-7.63819101E+00
+18.02000E-03,-8.84422117E+00,-7.63819101E+00
+18.04500E-03,-8.84422117E+00,-7.63819101E+00
+18.07000E-03,-8.84422117E+00,-7.63819101E+00
+18.09500E-03,-8.64321615E+00,-7.63819101E+00
+18.12000E-03,-8.84422117E+00,-7.63819101E+00
+18.14500E-03,-8.84422117E+00,-7.63819101E+00
+18.17000E-03,-8.84422117E+00,-7.23618096E+00
+18.19500E-03,-8.84422117E+00,-7.63819101E+00
+18.22000E-03,-8.84422117E+00,-7.63819101E+00
+18.24500E-03,-8.84422117E+00,-7.63819101E+00
+18.27000E-03,-8.84422117E+00,-7.63819101E+00
+18.29500E-03,-8.84422117E+00,-7.63819101E+00
+18.32000E-03,-8.84422117E+00,-7.63819101E+00
+18.34500E-03,-8.84422117E+00,-7.63819101E+00
+18.37000E-03,-9.04522620E+00,-7.63819101E+00
+18.39500E-03,-8.64321615E+00,-7.63819101E+00
+18.42000E-03,-8.64321615E+00,-7.63819101E+00
+18.44500E-03,-8.84422117E+00,-7.23618096E+00
+18.47000E-03,-8.84422117E+00,-7.63819101E+00
+18.49500E-03,-8.64321615E+00,-7.63819101E+00
+18.52000E-03,-8.84422117E+00,-7.63819101E+00
+18.54500E-03,-8.84422117E+00,-7.63819101E+00
+18.57000E-03,-8.84422117E+00,-7.23618096E+00
+18.59500E-03,-8.84422117E+00,-7.63819101E+00
+18.62000E-03,-8.64321615E+00,-7.63819101E+00
+18.64500E-03,-8.84422117E+00,-7.63819101E+00
+18.67000E-03,-8.84422117E+00,-7.63819101E+00
+18.69500E-03,-8.84422117E+00,-7.63819101E+00
+18.72000E-03,-8.84422117E+00,-7.23618096E+00
+18.74500E-03,-8.84422117E+00,-8.04020107E+00
+18.77000E-03,-8.84422117E+00,-7.63819101E+00
+18.79500E-03,-8.84422117E+00,-7.63819101E+00
+18.82000E-03,-8.84422117E+00,-7.63819101E+00
+18.84500E-03,-8.64321615E+00,-8.04020107E+00
+18.87000E-03,-8.84422117E+00,-7.63819101E+00
+18.89500E-03,-8.84422117E+00,-7.63819101E+00
+18.92000E-03,-8.84422117E+00,-7.63819101E+00
+18.94500E-03,-8.84422117E+00,-7.63819101E+00
+18.97000E-03,-8.84422117E+00,-7.63819101E+00
+18.99500E-03,-8.84422117E+00,-7.23618096E+00
+19.02000E-03,-8.84422117E+00,-7.63819101E+00
+19.04500E-03,-8.84422117E+00,-7.23618096E+00
+19.07000E-03,-8.64321615E+00,-7.23618096E+00
+19.09500E-03,-8.64321615E+00,-7.23618096E+00
+19.12000E-03,-8.64321615E+00,-7.63819101E+00
+19.14500E-03,-8.84422117E+00,-7.63819101E+00
+19.17000E-03,-8.84422117E+00,-7.63819101E+00
+19.19500E-03,-8.84422117E+00,-7.23618096E+00
+19.22000E-03,-8.84422117E+00,-7.23618096E+00
+19.24500E-03,-8.64321615E+00,-7.23618096E+00
+19.27000E-03,-8.84422117E+00,-7.63819101E+00
+19.29500E-03,-8.64321615E+00,-7.63819101E+00
+19.32000E-03,-8.84422117E+00,-7.63819101E+00
+19.34500E-03,-8.84422117E+00,-7.63819101E+00
+19.37000E-03,-8.64321615E+00,-7.63819101E+00
+19.39500E-03,-8.64321615E+00,-7.63819101E+00
+19.42000E-03,-8.84422117E+00,-7.63819101E+00
+19.44500E-03,-8.64321615E+00,-7.63819101E+00
+19.47000E-03,-8.84422117E+00,-7.63819101E+00
+19.49500E-03,-8.84422117E+00,-7.63819101E+00
+19.52000E-03,-8.84422117E+00,-7.63819101E+00
+19.54500E-03,-8.64321615E+00,-7.63819101E+00
+19.57000E-03,-8.84422117E+00,-7.23618096E+00
+19.59500E-03,-8.84422117E+00,-7.63819101E+00
+19.62000E-03,-8.84422117E+00,-7.63819101E+00
+19.64500E-03,-8.84422117E+00,-7.63819101E+00
+19.67000E-03,-8.84422117E+00,-7.63819101E+00
+19.69500E-03,-8.84422117E+00,-7.63819101E+00
+19.72000E-03,-8.84422117E+00,-7.63819101E+00
+19.74500E-03,-8.84422117E+00,-7.63819101E+00
+19.77000E-03,-8.64321615E+00,-7.63819101E+00
+19.79500E-03,-8.84422117E+00,-7.23618096E+00
+19.82000E-03,-8.84422117E+00,-7.63819101E+00
+19.84500E-03,-8.84422117E+00,-7.23618096E+00
+19.87000E-03,-8.84422117E+00,-7.63819101E+00
+19.89500E-03,-8.84422117E+00,-7.23618096E+00
+19.92000E-03,-9.04522620E+00,-7.63819101E+00
+19.94500E-03,-8.64321615E+00,-7.63819101E+00
+19.97000E-03,-8.64321615E+00,-7.23618096E+00
+19.99500E-03,+15.47738706E+00,-7.23618096E+00
+20.02000E-03,+14.67336695E+00,-6.03015080E+00
+20.04500E-03,+14.47236192E+00,-4.82412064E+00
+20.07000E-03,+13.66834182E+00,-4.02010053E+00
+20.09500E-03,+13.26633176E+00,-3.21608043E+00
+20.12000E-03,+12.66331668E+00,-2.01005027E+00
+20.14500E-03,+12.26130663E+00,-1.60804021E+00
+20.17000E-03,+12.06030160E+00,-402.01005E-03
+20.19500E-03,+11.65829155E+00,+0.0E+00
+20.22000E-03,+11.45728652E+00,+804.02011E-03
+20.24500E-03,+11.05527647E+00,+1.20603016E+00
+20.27000E-03,+10.85427144E+00,+1.60804021E+00
+20.29500E-03,+10.65326641E+00,+2.01005027E+00
+20.32000E-03,+10.45226139E+00,+2.41206032E+00
+20.34500E-03,+10.05025134E+00,+2.81407037E+00
+20.37000E-03,+9.84924631E+00,+3.21608043E+00
+20.39500E-03,+9.84924631E+00,+3.61809048E+00
+20.42000E-03,+9.64824128E+00,+4.02010053E+00
+20.44500E-03,+9.24623123E+00,+4.42211059E+00
+20.47000E-03,+9.44723625E+00,+4.42211059E+00
+20.49500E-03,+9.24623123E+00,+4.82412064E+00
+20.52000E-03,+9.04522620E+00,+4.82412064E+00
+20.54500E-03,+9.04522620E+00,+5.22613069E+00
+20.57000E-03,+9.24623123E+00,+5.22613069E+00
+20.59500E-03,+8.84422117E+00,+5.22613069E+00
+20.62000E-03,+8.64321615E+00,+5.62814075E+00
+20.64500E-03,+8.64321615E+00,+5.62814075E+00
+20.67000E-03,+8.64321615E+00,+5.62814075E+00
+20.69500E-03,+8.64321615E+00,+6.03015080E+00
+20.72000E-03,+8.64321615E+00,+5.62814075E+00
+20.74500E-03,+8.44221112E+00,+6.03015080E+00
+20.77000E-03,+8.44221112E+00,+6.43216085E+00
+20.79500E-03,+8.24120609E+00,+6.03015080E+00
+20.82000E-03,+8.44221112E+00,+6.43216085E+00
+20.84500E-03,+8.44221112E+00,+6.03015080E+00
+20.87000E-03,+8.24120609E+00,+6.43216085E+00
+20.89500E-03,+8.24120609E+00,+6.83417091E+00
+20.92000E-03,+8.24120609E+00,+6.43216085E+00
+20.94500E-03,+8.24120609E+00,+6.43216085E+00
+20.97000E-03,+8.24120609E+00,+6.43216085E+00
+20.99500E-03,+8.24120609E+00,+6.83417091E+00
+21.02000E-03,+8.04020107E+00,+6.83417091E+00
+21.04500E-03,+8.24120609E+00,+6.83417091E+00
+21.07000E-03,+7.83919604E+00,+6.83417091E+00
+21.09500E-03,+8.24120609E+00,+6.43216085E+00
+21.12000E-03,+8.24120609E+00,+6.83417091E+00
+21.14500E-03,+8.24120609E+00,+6.83417091E+00
+21.17000E-03,+8.04020107E+00,+6.83417091E+00
+21.19500E-03,+7.83919604E+00,+6.83417091E+00
+21.22000E-03,+8.04020107E+00,+6.83417091E+00
+21.24500E-03,+8.04020107E+00,+6.83417091E+00
+21.27000E-03,+8.04020107E+00,+6.83417091E+00
+21.29500E-03,+8.04020107E+00,+6.83417091E+00
+21.32000E-03,+8.04020107E+00,+6.83417091E+00
+21.34500E-03,+8.04020107E+00,+7.23618096E+00
+21.37000E-03,+8.04020107E+00,+6.83417091E+00
+21.39500E-03,+8.04020107E+00,+6.83417091E+00
+21.42000E-03,+8.04020107E+00,+6.83417091E+00
+21.44500E-03,+8.04020107E+00,+7.23618096E+00
+21.47000E-03,+8.04020107E+00,+7.23618096E+00
+21.49500E-03,+8.04020107E+00,+6.83417091E+00
+21.52000E-03,+7.83919604E+00,+6.83417091E+00
+21.54500E-03,+8.04020107E+00,+6.83417091E+00
+21.57000E-03,+8.04020107E+00,+6.83417091E+00
+21.59500E-03,+7.83919604E+00,+6.83417091E+00
+21.62000E-03,+8.04020107E+00,+7.23618096E+00
+21.64500E-03,+8.04020107E+00,+7.23618096E+00
+21.67000E-03,+8.04020107E+00,+6.83417091E+00
+21.69500E-03,+8.04020107E+00,+6.83417091E+00
+21.72000E-03,+8.04020107E+00,+6.83417091E+00
+21.74500E-03,+8.04020107E+00,+6.83417091E+00
+21.77000E-03,+8.04020107E+00,+6.83417091E+00
+21.79500E-03,+8.04020107E+00,+6.83417091E+00
+21.82000E-03,+8.04020107E+00,+7.23618096E+00
+21.84500E-03,+8.04020107E+00,+6.83417091E+00
+21.87000E-03,+8.04020107E+00,+7.23618096E+00
+21.89500E-03,+8.04020107E+00,+6.83417091E+00
+21.92000E-03,+7.83919604E+00,+6.83417091E+00
+21.94500E-03,+7.83919604E+00,+7.23618096E+00
+21.97000E-03,+8.04020107E+00,+6.83417091E+00
+21.99500E-03,+7.83919604E+00,+7.23618096E+00
+22.02000E-03,+8.24120609E+00,+6.83417091E+00
+22.04500E-03,+8.04020107E+00,+6.83417091E+00
+22.07000E-03,+8.04020107E+00,+6.83417091E+00
+22.09500E-03,+8.04020107E+00,+7.23618096E+00
+22.12000E-03,+8.04020107E+00,+6.83417091E+00
+22.14500E-03,+7.83919604E+00,+7.23618096E+00
+22.17000E-03,+7.83919604E+00,+7.23618096E+00
+22.19500E-03,+8.04020107E+00,+6.83417091E+00
+22.22000E-03,+7.83919604E+00,+7.23618096E+00
+22.24500E-03,+8.04020107E+00,+6.83417091E+00
+22.27000E-03,+8.04020107E+00,+7.23618096E+00
+22.29500E-03,+7.83919604E+00,+6.83417091E+00
+22.32000E-03,+8.04020107E+00,+6.83417091E+00
+22.34500E-03,+7.83919604E+00,+7.23618096E+00
+22.37000E-03,+7.83919604E+00,+6.83417091E+00
+22.39500E-03,+8.04020107E+00,+7.23618096E+00
+22.42000E-03,+8.04020107E+00,+6.83417091E+00
+22.44500E-03,+8.04020107E+00,+6.83417091E+00
+22.47000E-03,+7.83919604E+00,+6.83417091E+00
+22.49500E-03,+8.24120609E+00,+6.83417091E+00
+22.52000E-03,+7.83919604E+00,+7.23618096E+00
+22.54500E-03,+7.83919604E+00,+7.23618096E+00
+22.57000E-03,+7.83919604E+00,+7.23618096E+00
+22.59500E-03,+8.04020107E+00,+6.83417091E+00
+22.62000E-03,+8.04020107E+00,+7.23618096E+00
+22.64500E-03,+8.04020107E+00,+7.23618096E+00
+22.67000E-03,+8.24120609E+00,+6.83417091E+00
+22.69500E-03,+8.04020107E+00,+6.83417091E+00
+22.72000E-03,+8.04020107E+00,+6.83417091E+00
+22.74500E-03,+8.04020107E+00,+6.83417091E+00
+22.77000E-03,+7.83919604E+00,+6.83417091E+00
+22.79500E-03,+8.04020107E+00,+6.83417091E+00
+22.82000E-03,+7.83919604E+00,+6.83417091E+00
+22.84500E-03,+8.04020107E+00,+6.83417091E+00
+22.87000E-03,+8.04020107E+00,+6.83417091E+00
+22.89500E-03,+7.83919604E+00,+6.83417091E+00
+22.92000E-03,+8.04020107E+00,+6.83417091E+00
+22.94500E-03,+8.04020107E+00,+6.83417091E+00
+22.97000E-03,+7.83919604E+00,+7.23618096E+00
+22.99500E-03,+8.04020107E+00,+6.83417091E+00
+23.02000E-03,+8.04020107E+00,+7.23618096E+00
+23.04500E-03,+8.04020107E+00,+6.83417091E+00
+23.07000E-03,+8.04020107E+00,+6.83417091E+00
+23.09500E-03,+7.83919604E+00,+7.23618096E+00
+23.12000E-03,+8.04020107E+00,+7.23618096E+00
+23.14500E-03,+8.04020107E+00,+6.83417091E+00
+23.17000E-03,+8.04020107E+00,+6.83417091E+00
+23.19500E-03,+8.04020107E+00,+7.23618096E+00
+23.22000E-03,+8.04020107E+00,+6.83417091E+00
+23.24500E-03,+8.04020107E+00,+7.23618096E+00
+23.27000E-03,+8.04020107E+00,+7.23618096E+00
+23.29500E-03,+8.04020107E+00,+6.83417091E+00
+23.32000E-03,+7.83919604E+00,+6.83417091E+00
+23.34500E-03,+8.04020107E+00,+7.23618096E+00
+23.37000E-03,+8.04020107E+00,+6.83417091E+00
+23.39500E-03,+8.04020107E+00,+6.83417091E+00
+23.42000E-03,+7.83919604E+00,+6.43216085E+00
+23.44500E-03,+7.83919604E+00,+6.83417091E+00
+23.47000E-03,+8.04020107E+00,+6.83417091E+00
+23.49500E-03,+8.04020107E+00,+7.23618096E+00
+23.52000E-03,+8.04020107E+00,+7.23618096E+00
+23.54500E-03,+8.04020107E+00,+6.83417091E+00
+23.57000E-03,+7.83919604E+00,+6.83417091E+00
+23.59500E-03,+7.83919604E+00,+7.23618096E+00
+23.62000E-03,+8.04020107E+00,+7.23618096E+00
+23.64500E-03,+7.83919604E+00,+7.23618096E+00
+23.67000E-03,+7.83919604E+00,+6.83417091E+00
+23.69500E-03,+8.04020107E+00,+7.23618096E+00
+23.72000E-03,+8.04020107E+00,+6.83417091E+00
+23.74500E-03,+7.83919604E+00,+6.83417091E+00
+23.77000E-03,+8.04020107E+00,+6.83417091E+00
+23.79500E-03,+8.04020107E+00,+7.23618096E+00
+23.82000E-03,+7.83919604E+00,+6.83417091E+00
+23.84500E-03,+7.83919604E+00,+6.83417091E+00
+23.87000E-03,+8.04020107E+00,+6.83417091E+00
+23.89500E-03,+8.04020107E+00,+7.23618096E+00
+23.92000E-03,+7.83919604E+00,+6.83417091E+00
+23.94500E-03,+8.04020107E+00,+7.23618096E+00
+23.97000E-03,+7.83919604E+00,+6.83417091E+00
+23.99500E-03,+8.24120609E+00,+6.83417091E+00
+24.02000E-03,+7.83919604E+00,+7.23618096E+00
+24.04500E-03,+8.04020107E+00,+6.83417091E+00
+24.07000E-03,+7.83919604E+00,+6.83417091E+00
+24.09500E-03,+8.04020107E+00,+6.83417091E+00
+24.12000E-03,+8.04020107E+00,+6.83417091E+00
+24.14500E-03,+8.04020107E+00,+6.83417091E+00
+24.17000E-03,+8.04020107E+00,+6.83417091E+00
+24.19500E-03,+7.83919604E+00,+6.83417091E+00
+24.22000E-03,+7.83919604E+00,+7.23618096E+00
+24.24500E-03,+7.83919604E+00,+6.83417091E+00
+24.27000E-03,+7.83919604E+00,+7.23618096E+00
+24.29500E-03,+7.83919604E+00,+7.23618096E+00
+24.32000E-03,+8.04020107E+00,+6.83417091E+00
+24.34500E-03,+8.04020107E+00,+6.83417091E+00
+24.37000E-03,+8.04020107E+00,+7.23618096E+00
+24.39500E-03,+7.83919604E+00,+7.23618096E+00
+24.42000E-03,+7.83919604E+00,+6.83417091E+00
+24.44500E-03,+7.83919604E+00,+7.23618096E+00
+24.47000E-03,+8.04020107E+00,+7.23618096E+00
+24.49500E-03,+8.04020107E+00,+6.83417091E+00
+24.52000E-03,+7.83919604E+00,+6.83417091E+00
+24.54500E-03,+7.83919604E+00,+7.23618096E+00
+24.57000E-03,+7.83919604E+00,+7.23618096E+00
+24.59500E-03,+7.83919604E+00,+6.83417091E+00
+24.62000E-03,+8.04020107E+00,+7.23618096E+00
+24.64500E-03,+7.83919604E+00,+6.83417091E+00
+24.67000E-03,+8.04020107E+00,+6.83417091E+00
+24.69500E-03,+7.83919604E+00,+6.83417091E+00
+24.72000E-03,+7.83919604E+00,+6.83417091E+00
+24.74500E-03,+7.83919604E+00,+6.83417091E+00
+24.77000E-03,+7.83919604E+00,+7.23618096E+00
+24.79500E-03,+8.04020107E+00,+6.83417091E+00
+24.82000E-03,+7.83919604E+00,+6.83417091E+00
+24.84500E-03,+7.83919604E+00,+7.23618096E+00
+24.87000E-03,+7.83919604E+00,+6.83417091E+00
+24.89500E-03,+8.04020107E+00,+6.83417091E+00
+24.92000E-03,+8.04020107E+00,+6.83417091E+00
+24.94500E-03,+8.04020107E+00,+6.83417091E+00
+24.97000E-03,+8.04020107E+00,+6.83417091E+00
+24.99500E-03,+8.04020107E+00,+6.83417091E+00
