-25.00000E-03,+402.01005E-03,+64.32161E-03
-24.97500E-03,+387.53789E-03,+61.42718E-03
-24.95000E-03,+321.60804E-03,+56.28141E-03
-24.92500E-03,+318.39259E-03,+56.28141E-03
-24.90000E-03,+303.92043E-03,+60.78409E-03
-24.87500E-03,+281.40703E-03,+54.67316E-03
-24.85000E-03,+241.20603E-03,+56.28141E-03
-24.82500E-03,+260.50398E-03,+52.42182E-03
-24.80000E-03,+241.20603E-03,+32.16080E-03
-24.77500E-03,+221.91332E-03,+40.20100E-03
-24.75000E-03,+217.08752E-03,-4.82370E-03
-24.72500E-03,+164.02472E-03,+48.24121E-03
-24.70000E-03,+160.80402E-03,+45.66885E-03
-24.67500E-03,+160.80402E-03,+40.20100E-03
-24.65000E-03,+122.20811E-03,+24.12060E-03
-24.62500E-03,+120.60301E-03,+32.16080E-03
-24.60000E-03,+120.60301E-03,+32.16080E-03
-24.57500E-03,+85.22256E-03,+16.08040E-03
-24.55000E-03,+101.31031E-03,+8.04020E-03
-24.52500E-03,+80.40201E-03,+1.28723E-03
-24.50000E-03,+40.20100E-03,+8.04020E-03
-24.47500E-03,+57.89386E-03,+11.57877E-03
-24.45000E-03,+36.98031E-03,+644.14E-06
-24.42500E-03,+0.0E+00,+5.78991E-03
-24.40000E-03,+0.0E+00,+0.0E+00
-24.37500E-03,-40.20100E-03,-2.10E-06
-24.35000E-03,-40.20100E-03,+0.0E+00
-24.32500E-03,-51.46295E-03,-2.25239E-03
-24.30000E-03,-83.61221E-03,-642.04E-06
-24.27500E-03,-98.08436E-03,-8.04020E-03
-24.25000E-03,-80.40201E-03,-22.51130E-03
-24.22500E-03,-114.17736E-03,-8.04020E-03
-24.20000E-03,-120.60301E-03,-64.32161E-03
-24.17500E-03,-125.43406E-03,-231.23341E-03
-24.15000E-03,-160.80402E-03,-86.51399E-03
-24.12500E-03,-184.91727E-03,-56.28141E-03
-24.10000E-03,-199.38942E-03,-48.24121E-03
-24.07500E-03,-201.00502E-03,-40.20100E-03
-24.05000E-03,-201.00502E-03,-58.85587E-03
-24.02500E-03,-201.00502E-03,-40.20100E-03
-24.00000E-03,-241.20603E-03,-40.20100E-03
-23.97500E-03,-250.86288E-03,-48.24121E-03
-23.95000E-03,-281.40703E-03,-33.12386E-03
-23.92500E-03,-281.40703E-03,-72.36181E-03
-23.90000E-03,-321.60804E-03,-63.03333E-03
-23.87500E-03,-321.60804E-03,-54.67526E-03
-23.85000E-03,-321.60804E-03,-52.74179E-03
-23.82500E-03,-361.80904E-03,-56.28141E-03
-23.80000E-03,-373.05525E-03,-56.28141E-03
-23.77500E-03,-376.29169E-03,-61.42508E-03
-23.75000E-03,-402.01005E-03,-72.35971E-03
-23.72500E-03,-402.01005E-03,-69.46948E-03
-23.70000E-03,-442.21105E-03,-78.14857E-03
-23.67500E-03,-442.21105E-03,-64.96260E-03
-23.65000E-03,-482.41206E-03,-72.36181E-03
-23.62500E-03,-482.41206E-03,-104.52261E-03
-23.60000E-03,-482.41206E-03,-49.52529E-03
-23.57500E-03,-522.61306E-03,-80.08519E-03
-23.55000E-03,-522.61306E-03,-113.53007E-03
-23.52500E-03,-532.24891E-03,-172.69856E-03
-23.50000E-03,-546.72107E-03,-136.68342E-03
-23.47500E-03,-562.81406E-03,-112.56281E-03
-23.45000E-03,-575.66537E-03,-104.52261E-03
-23.42500E-03,-603.01507E-03,-96.48241E-03
-23.40000E-03,-641.62147E-03,-96.48241E-03
-23.37500E-03,-643.21607E-03,-99.69576E-03
-23.35000E-03,-683.41708E-03,-104.52261E-03
-23.32500E-03,-683.41708E-03,-97.44442E-03
-23.30000E-03,-683.41708E-03,-104.84993E-03
-23.27500E-03,-683.41708E-03,-103.23328E-03
-23.25000E-03,-723.61808E-03,-104.52261E-03
-23.22500E-03,-746.11574E-03,-112.56281E-03
-23.20000E-03,-763.81909E-03,-112.56281E-03
-23.17500E-03,-763.81909E-03,-110.31462E-03
-23.15000E-03,-763.81909E-03,-117.70543E-03
-23.12500E-03,-804.02009E-03,-120.60301E-03
-23.10000E-03,-804.02009E-03,-125.75193E-03
-23.07500E-03,-815.29254E-03,-117.07179E-03
-23.05000E-03,-841.02139E-03,-113.84269E-03
-23.02500E-03,-821.69195E-03,-128.64321E-03
-23.00000E-03,-884.42210E-03,-135.07202E-03
-22.97500E-03,-884.42210E-03,-136.68342E-03
-22.95000E-03,-905.30941E-03,-136.68342E-03
-22.92500E-03,-889.26365E-03,-137.65172E-03
-22.90000E-03,-955.19350E-03,-142.79750E-03
-22.87500E-03,-948.72586E-03,-136.68342E-03
-22.85000E-03,-964.82411E-03,-144.72362E-03
-22.82500E-03,-992.17906E-03,-150.19461E-03
-22.80000E-03,-964.82411E-03,-152.76382E-03
-22.77500E-03,-1.04363676E+00,-160.48615E-03
-22.75000E-03,-1.02916461E+00,-157.59172E-03
-22.72500E-03,-1.01469246E+00,-156.63076E-03
-22.70000E-03,-1.04522612E+00,-160.80402E-03
-22.67500E-03,-1.06615017E+00,-164.98883E-03
-22.65000E-03,-1.09187902E+00,-168.84422E-03
-22.62500E-03,-1.11760787E+00,-176.88442E-03
-22.60000E-03,-1.12562813E+00,-168.84422E-03
-22.57500E-03,-1.12562813E+00,-176.23713E-03
-22.55000E-03,-1.12562813E+00,-176.88442E-03
-22.52500E-03,-1.18032228E+00,-179.78305E-03
-22.50000E-03,-1.16582913E+00,-184.92462E-03
-22.47500E-03,-1.20603014E+00,-190.07459E-03
-22.45000E-03,-1.20603014E+00,-190.70928E-03
-22.42500E-03,-1.24623114E+00,-192.96482E-03
-22.40000E-03,-1.20603014E+00,-192.96482E-03
-22.37500E-03,-1.28643215E+00,-201.00502E-03
-22.35000E-03,-1.28002224E+00,-201.00502E-03
-22.32500E-03,-1.26711320E+00,-205.18143E-03
-22.30000E-03,-1.28643215E+00,-208.07586E-03
-22.27500E-03,-1.32663315E+00,-209.04522E-03
-22.25000E-03,-1.32663315E+00,-209.04522E-03
-22.22500E-03,-1.32826450E+00,-208.71896E-03
-22.20000E-03,-1.39419435E+00,-214.51726E-03
-22.17500E-03,-1.37972220E+00,-217.08542E-03
-22.15000E-03,-1.36841826E+00,-217.08542E-03
-22.12500E-03,-1.40703516E+00,-217.08542E-03
-22.10000E-03,-1.44723617E+00,-223.19111E-03
-22.07500E-03,-1.44723617E+00,-224.16571E-03
-22.05000E-03,-1.44723617E+00,-229.31148E-03
-22.02500E-03,-1.45369331E+00,-226.41705E-03
-22.00000E-03,-1.44723617E+00,-233.16583E-03
-21.97500E-03,-1.48743717E+00,-229.62306E-03
-21.95000E-03,-1.45047786E+00,-240.55769E-03
-21.92500E-03,-1.44723617E+00,-235.41192E-03
-21.90000E-03,-1.44723617E+00,-238.30635E-03
-21.87500E-03,-1.44726241E+00,-241.20078E-03
-21.85000E-03,-1.43592698E+00,-233.16583E-03
-21.82500E-03,-1.44723617E+00,-233.16583E-03
-21.80000E-03,-1.44723617E+00,-233.16583E-03
-21.77500E-03,-1.42957481E+00,-233.16583E-03
-21.75000E-03,-1.43916867E+00,-226.73912E-03
-21.72500E-03,-1.40703516E+00,-225.12563E-03
-21.70000E-03,-1.38615835E+00,-221.26079E-03
-21.67500E-03,-1.40218312E+00,-232.19542E-03
-21.65000E-03,-1.36683416E+00,-225.12563E-03
-21.62500E-03,-1.36683416E+00,-217.08542E-03
-21.60000E-03,-1.32663315E+00,-217.08542E-03
-21.57500E-03,-1.35399860E+00,-217.08542E-03
-21.55000E-03,-1.32663315E+00,-214.50677E-03
-21.52500E-03,-1.32663315E+00,-209.04522E-03
-21.50000E-03,-1.32663315E+00,-209.04522E-03
-21.47500E-03,-1.29610999E+00,-209.04522E-03
-21.45000E-03,-1.25102545E+00,-201.96388E-03
-21.42500E-03,-1.24623114E+00,-201.00502E-03
-21.40000E-03,-1.24623114E+00,-201.00502E-03
-21.37500E-03,-1.21403990E+00,-199.40307E-03
-21.35000E-03,-1.22374923E+00,-192.96482E-03
-21.32500E-03,-1.20927708E+00,-192.96482E-03
-21.30000E-03,-1.19480493E+00,-192.96482E-03
-21.27500E-03,-1.16582913E+00,-184.92462E-03
-21.25000E-03,-1.16586063E+00,-184.93092E-03
-21.22500E-03,-1.12562813E+00,-184.92462E-03
-21.20000E-03,-1.12562813E+00,-184.92462E-03
-21.17500E-03,-1.12244417E+00,-176.88442E-03
-21.15000E-03,-1.08542712E+00,-180.41564E-03
-21.12500E-03,-1.08542712E+00,-184.92462E-03
-21.10000E-03,-1.05162553E+00,-168.84422E-03
-21.07500E-03,-1.04522612E+00,-173.01853E-03
-21.05000E-03,-1.00502511E+00,-168.84422E-03
-21.02500E-03,-1.04522612E+00,-160.80402E-03
-21.00000E-03,-988.91112E-03,-157.58122E-03
-20.97500E-03,-1.00338327E+00,-160.47565E-03
-20.95000E-03,-964.82411E-03,-152.76382E-03
-20.92500E-03,-937.52165E-03,-144.72362E-03
-20.90000E-03,-924.62311E-03,-152.76382E-03
-20.87500E-03,-924.62311E-03,-152.76382E-03
-20.85000E-03,-894.10519E-03,-144.72362E-03
-20.82500E-03,-884.42210E-03,-144.72362E-03
-20.80000E-03,-884.42210E-03,-140.87137E-03
-20.77500E-03,-850.68874E-03,-144.72362E-03
-20.75000E-03,-844.22110E-03,-130.24412E-03
-20.72500E-03,-826.49675E-03,-136.68342E-03
-20.70000E-03,-804.02009E-03,-128.64321E-03
-20.67500E-03,-804.02009E-03,-128.64321E-03
-20.65000E-03,-804.02009E-03,-125.74144E-03
-20.62500E-03,-803.98335E-03,-112.57016E-03
-20.60000E-03,-763.81909E-03,-120.60301E-03
-20.57500E-03,-763.81909E-03,-120.60301E-03
-20.55000E-03,-723.61808E-03,-112.56281E-03
-20.52500E-03,-701.06794E-03,-116.09299E-03
-20.50000E-03,-683.41708E-03,-110.94721E-03
-20.47500E-03,-683.41708E-03,-110.00515E-03
-20.45000E-03,-643.21607E-03,-104.52261E-03
-20.42500E-03,-643.21607E-03,-97.45492E-03
-20.40000E-03,-612.62468E-03,-96.48241E-03
-20.37500E-03,-627.09683E-03,-96.48241E-03
-20.35000E-03,-601.36798E-03,-96.15299E-03
-20.32500E-03,-588.46419E-03,-91.00722E-03
-20.30000E-03,-562.81406E-03,-88.44221E-03
-20.27500E-03,-562.81406E-03,-88.75588E-03
-20.25000E-03,-562.81406E-03,-88.44221E-03
-20.22500E-03,-522.61306E-03,-78.46434E-03
-20.20000E-03,-487.19587E-03,-73.31857E-03
-20.17500E-03,-484.10113E-03,-80.40201E-03
-20.15000E-03,-482.41206E-03,-73.65639E-03
-20.12500E-03,-442.21105E-03,-72.36181E-03
-20.10000E-03,-442.21105E-03,-72.36181E-03
-20.07500E-03,-442.21105E-03,-64.32161E-03
-20.05000E-03,-419.78163E-03,-64.32161E-03
-20.02500E-03,-402.01005E-03,-64.32161E-03
-20.00000E-03,-361.85103E-03,-56.28141E-03
-19.97500E-03,-361.80904E-03,-48.24121E-03
-19.95000E-03,-361.80904E-03,-62.06187E-03
-19.92500E-03,-324.78150E-03,-48.24121E-03
-19.90000E-03,-281.40703E-03,-60.79248E-03
-19.87500E-03,-281.40703E-03,-40.20100E-03
-19.85000E-03,-281.40703E-03,-72.36181E-03
-19.82500E-03,-302.26810E-03,-40.20100E-03
-19.80000E-03,-246.07382E-03,-31.18725E-03
-19.77500E-03,-271.80267E-03,-38.28013E-03
-19.75000E-03,-201.00502E-03,-27.34550E-03
-19.72500E-03,-162.45636E-03,-16.41087E-03
-19.70000E-03,-201.00502E-03,-26.68457E-03
-19.67500E-03,-201.00502E-03,-32.16080E-03
-19.65000E-03,-160.80402E-03,-31.84818E-03
-19.62500E-03,-136.63828E-03,-16.08040E-03
-19.60000E-03,-120.60301E-03,-18.01912E-03
-19.57500E-03,-115.82445E-03,-16.08040E-03
-19.55000E-03,-101.35230E-03,-12.23026E-03
-19.52500E-03,-80.40201E-03,-14.78477E-03
-19.50000E-03,-80.40201E-03,-8.04020E-03
-19.47500E-03,-40.20100E-03,-4.49323E-03
-19.45000E-03,-77.13932E-03,+7.38766E-03
-19.42500E-03,-40.20100E-03,+0.0E+00
-19.40000E-03,-14.51939E-03,+5.13632E-03
-19.37500E-03,+40.15377E-03,+8.04020E-03
-19.35000E-03,+25.77609E-03,+8.04020E-03
-19.32500E-03,+40.20100E-03,+8.04020E-03
-19.30000E-03,+40.20100E-03,+633.64E-06
-19.27500E-03,+80.40201E-03,-3.52807E-03
-19.25000E-03,+104.42604E-03,+8.04020E-03
-19.22500E-03,+80.40201E-03,+8.04020E-03
-19.20000E-03,+99.74720E-03,+12.21136E-03
-19.17500E-03,+120.60301E-03,+16.08040E-03
-19.15000E-03,+151.20490E-03,+22.20078E-03
-19.12500E-03,+160.80402E-03,+25.70891E-03
-19.10000E-03,+201.00502E-03,+39.86949E-03
-19.07500E-03,+188.19046E-03,+40.20100E-03
-19.05000E-03,+228.29174E-03,+34.74366E-03
-19.02500E-03,+201.00502E-03,+40.20100E-03
-19.00000E-03,+241.20603E-03,+32.16080E-03
-18.97500E-03,+241.20603E-03,+40.20100E-03
-18.95000E-03,+241.20603E-03,+48.24121E-03
-18.92500E-03,+281.40703E-03,+48.24121E-03
-18.90000E-03,+321.60804E-03,+49.53788E-03
-18.87500E-03,+321.60804E-03,+56.28141E-03
-18.85000E-03,+321.60804E-03,+59.82942E-03
-18.82500E-03,+324.87597E-03,+63.66802E-03
-18.80000E-03,+321.60804E-03,+50.48205E-03
-18.77500E-03,+376.33368E-03,+64.32161E-03
-18.75000E-03,+361.86153E-03,+72.36181E-03
-18.72500E-03,+376.22871E-03,+72.36181E-03
-18.70000E-03,+402.01005E-03,+80.40201E-03
-18.67500E-03,+442.21105E-03,+71.72922E-03
-18.65000E-03,+447.14182E-03,+67.84863E-03
-18.62500E-03,+450.30479E-03,+77.16451E-03
-18.60000E-03,+482.41206E-03,+79.12633E-03
-18.57500E-03,+463.06162E-03,+72.06178E-03
-18.55000E-03,+487.29034E-03,+80.40201E-03
-18.52500E-03,+532.20692E-03,+86.52344E-03
-18.50000E-03,+522.61306E-03,+80.40201E-03
-18.47500E-03,+561.15123E-03,+88.44221E-03
-18.45000E-03,+577.39644E-03,+88.44221E-03
-18.42500E-03,+575.73360E-03,+96.48241E-03
-18.40000E-03,+603.01507E-03,+104.21209E-03
-18.37500E-03,+627.19131E-03,+96.48241E-03
-18.35000E-03,+612.71916E-03,+104.52261E-03
-18.32500E-03,+607.78313E-03,+105.47622E-03
-18.30000E-03,+643.21607E-03,+108.71477E-03
-18.27500E-03,+683.41708E-03,+112.56281E-03
-18.25000E-03,+723.61808E-03,+119.00631E-03
-18.22500E-03,+701.16242E-03,+117.05395E-03
-18.20000E-03,+723.61808E-03,+120.60301E-03
-18.17500E-03,+723.61808E-03,+128.64321E-03
-18.15000E-03,+763.81909E-03,+128.64321E-03
-18.12500E-03,+763.87682E-03,+136.67187E-03
-18.10000E-03,+763.81909E-03,+136.68342E-03
-18.07500E-03,+804.02009E-03,+134.42053E-03
-18.05000E-03,+807.17781E-03,+113.19436E-03
-18.02500E-03,+826.59123E-03,+144.72362E-03
-18.00000E-03,+836.12211E-03,+144.72362E-03
-17.97500E-03,+878.04894E-03,+137.95805E-03
-17.95000E-03,+884.42210E-03,+140.85248E-03
-17.92500E-03,+853.98817E-03,+144.72362E-03
-17.90000E-03,+884.42210E-03,+144.72362E-03
-17.87500E-03,+924.62311E-03,+147.95166E-03
-17.85000E-03,+963.15603E-03,+153.09743E-03
-17.82500E-03,+952.02004E-03,+158.24320E-03
-17.80000E-03,+1.00502511E+00,+160.80402E-03
-17.77500E-03,+1.00347775E+00,+160.80402E-03
-17.75000E-03,+1.00502511E+00,+157.60011E-03
-17.72500E-03,+1.01473445E+00,+174.94255E-03
-17.70000E-03,+1.04046330E+00,+169.79678E-03
-17.67500E-03,+1.04522612E+00,+176.88442E-03
-17.65000E-03,+1.04522612E+00,+170.14300E-03
-17.62500E-03,+1.08542712E+00,+176.88442E-03
-17.60000E-03,+1.08542712E+00,+176.88442E-03
-17.57500E-03,+1.08542712E+00,+177.54011E-03
-17.55000E-03,+1.11443441E+00,+188.48734E-03
-17.52500E-03,+1.12562813E+00,+184.92462E-03
-17.50000E-03,+1.12562813E+00,+192.95223E-03
-17.47500E-03,+1.15141997E+00,+187.80645E-03
-17.45000E-03,+1.19471045E+00,+198.74109E-03
-17.42500E-03,+1.16898160E+00,+208.41473E-03
-17.40000E-03,+1.20603014E+00,+201.00502E-03
-17.37500E-03,+1.20603014E+00,+194.58567E-03
-17.35000E-03,+1.24623114E+00,+201.00502E-03
-17.32500E-03,+1.22687021E+00,+205.17304E-03
-17.30000E-03,+1.28643215E+00,+209.04522E-03
-17.27500E-03,+1.29601551E+00,+217.08542E-03
-17.25000E-03,+1.28643215E+00,+215.50342E-03
-17.22500E-03,+1.28643215E+00,+217.08542E-03
-17.20000E-03,+1.32663315E+00,+217.08542E-03
-17.17500E-03,+1.35390412E+00,+217.08542E-03
-17.15000E-03,+1.36529204E+00,+225.12563E-03
-17.12500E-03,+1.35081989E+00,+225.12563E-03
-17.10000E-03,+1.36683416E+00,+225.12563E-03
-17.07500E-03,+1.32663315E+00,+233.16583E-03
-17.05000E-03,+1.38606388E+00,+229.31988E-03
-17.02500E-03,+1.36683416E+00,+226.42545E-03
-17.00000E-03,+1.37480717E+00,+233.16583E-03
-16.97500E-03,+1.34438899E+00,+225.12563E-03
-16.95000E-03,+1.32991683E+00,+225.12563E-03
-16.92500E-03,+1.36683416E+00,+225.12563E-03
-16.90000E-03,+1.35229377E+00,+228.03370E-03
-16.87500E-03,+1.32663315E+00,+225.12563E-03
-16.85000E-03,+1.30083607E+00,+225.12563E-03
-16.82500E-03,+1.28643215E+00,+219.35041E-03
-16.80000E-03,+1.28643215E+00,+217.08542E-03
-16.77500E-03,+1.28643215E+00,+200.01257E-03
-16.75000E-03,+1.27832266E+00,+217.08542E-03
-16.72500E-03,+1.24623114E+00,+209.04522E-03
-16.70000E-03,+1.24623114E+00,+209.04522E-03
-16.67500E-03,+1.24133711E+00,+208.06642E-03
-16.65000E-03,+1.20603014E+00,+210.96085E-03
-16.62500E-03,+1.18987940E+00,+201.00502E-03
-16.60000E-03,+1.16750772E+00,+201.00502E-03
-16.57500E-03,+1.13842170E+00,+195.52354E-03
-16.55000E-03,+1.15289385E+00,+192.96482E-03
-16.52500E-03,+1.12562813E+00,+201.00502E-03
-16.50000E-03,+1.10143614E+00,+197.80322E-03
-16.47500E-03,+1.08542712E+00,+191.02086E-03
-16.45000E-03,+1.09017944E+00,+192.96482E-03
-16.42500E-03,+1.06445059E+00,+184.92462E-03
-16.40000E-03,+1.04522612E+00,+176.88442E-03
-16.37500E-03,+1.04522612E+00,+178.47797E-03
-16.35000E-03,+1.02278620E+00,+172.39644E-03
-16.32500E-03,+1.04193719E+00,+168.84422E-03
-16.30000E-03,+993.84189E-03,+163.04066E-03
-16.27500E-03,+979.36974E-03,+163.02597E-03
-16.25000E-03,+964.82411E-03,+160.80402E-03
-16.22500E-03,+950.42544E-03,+155.64355E-03
-16.20000E-03,+935.95329E-03,+142.45758E-03
-16.17500E-03,+887.56407E-03,+129.27161E-03
-16.15000E-03,+924.62311E-03,+156.28664E-03
-16.12500E-03,+916.50837E-03,+141.47772E-03
-16.10000E-03,+850.57852E-03,+116.78856E-03
-16.07500E-03,+863.59253E-03,+144.72362E-03
-16.05000E-03,+844.22110E-03,+143.74376E-03
-16.02500E-03,+804.02009E-03,+138.59799E-03
-16.00000E-03,+844.22110E-03,+146.30142E-03
-15.97500E-03,+767.18675E-03,+128.97998E-03
-15.95000E-03,+816.80841E-03,+123.16068E-03
-15.92500E-03,+763.81909E-03,+136.68342E-03
-15.90000E-03,+763.81909E-03,+128.64321E-03
-15.87500E-03,+739.62185E-03,+133.48266E-03
-15.85000E-03,+754.09401E-03,+128.64321E-03
-15.82500E-03,+723.61808E-03,+121.55243E-03
-15.80000E-03,+704.39886E-03,+120.60301E-03
-15.77500E-03,+683.41708E-03,+112.56281E-03
-15.75000E-03,+643.21607E-03,+104.52261E-03
-15.72500E-03,+660.98241E-03,+104.52261E-03
-15.70000E-03,+643.21607E-03,+103.86378E-03
-15.67500E-03,+603.01507E-03,+104.52261E-03
-15.65000E-03,+603.01507E-03,+104.52261E-03
-15.62500E-03,+562.89279E-03,+88.45796E-03
-15.60000E-03,+588.62165E-03,+75.24049E-03
-15.57500E-03,+522.61306E-03,+106.78970E-03
-15.55000E-03,+559.67734E-03,+81.02935E-03
-15.52500E-03,+522.61306E-03,+72.36181E-03
-15.50000E-03,+522.61306E-03,+41.82500E-03
-15.47500E-03,+482.41206E-03,+88.44221E-03
-15.45000E-03,+461.58773E-03,+80.40201E-03
-15.42500E-03,+447.11558E-03,+80.40201E-03
-15.40000E-03,+442.21105E-03,+78.48848E-03
-15.37500E-03,+458.37228E-03,+69.12956E-03
-15.35000E-03,+442.21105E-03,+72.02399E-03
-15.32500E-03,+402.01005E-03,+69.80519E-03
-15.30000E-03,+416.31949E-03,+69.77265E-03
-15.27500E-03,+360.28267E-03,+64.32161E-03
-15.25000E-03,+345.81052E-03,+64.32161E-03
-15.22500E-03,+321.60804E-03,+64.32161E-03
-15.20000E-03,+321.60804E-03,+57.22977E-03
-15.17500E-03,+321.60804E-03,+64.32161E-03
-15.15000E-03,+315.09316E-03,+56.28141E-03
-15.12500E-03,+273.44976E-03,+49.83266E-03
-15.10000E-03,+241.20603E-03,+48.24121E-03
-15.07500E-03,+241.20603E-03,+55.62152E-03
-15.05000E-03,+270.23431E-03,+48.24121E-03
-15.02500E-03,+201.00502E-03,+43.11223E-03
-15.00000E-03,+201.00502E-03,+48.24121E-03
-14.97500E-03,+175.19219E-03,+8.04020E-03
-14.95000E-03,+160.80402E-03,+34.42894E-03
-14.92500E-03,+123.73449E-03,+24.74690E-03
-14.90000E-03,+120.60301E-03,+27.64133E-03
-14.87500E-03,+128.72824E-03,+24.12060E-03
-14.85000E-03,+126.94994E-03,+24.12060E-03
-14.82500E-03,+80.40201E-03,+24.12060E-03
-14.80000E-03,+80.40201E-03,+31.17885E-03
-14.77500E-03,+80.40201E-03,+17.99288E-03
-14.75000E-03,+40.20100E-03,+11.27350E-03
-14.72500E-03,+3.38866E-03,+16.08040E-03
-14.70000E-03,+12.77782E-03,+16.08040E-03
-14.67500E-03,+0.0E+00,+5.45000E-03
-14.65000E-03,+0.0E+00,+8.04020E-03
-14.62500E-03,-40.20100E-03,+4.84155E-03
-14.60000E-03,-30.46543E-03,+0.0E+00
-14.57500E-03,-80.40201E-03,-7.09289E-03
-14.55000E-03,-80.40201E-03,+0.0E+00
-14.52500E-03,-80.40201E-03,-8.04020E-03
-14.50000E-03,-120.60301E-03,-6.44980E-03
-14.47500E-03,-138.37984E-03,-8.04020E-03
-14.45000E-03,-160.80402E-03,-8.04020E-03
-14.42500E-03,-131.77049E-03,-16.08040E-03
-14.40000E-03,-160.80402E-03,-16.08040E-03
-14.37500E-03,-201.00502E-03,-16.09825E-03
-14.35000E-03,-186.62210E-03,-32.16080E-03
-14.32500E-03,-201.00502E-03,-24.12060E-03
-14.30000E-03,-238.07980E-03,-32.78605E-03
-14.27500E-03,-241.20603E-03,-32.16080E-03
-14.25000E-03,-273.27655E-03,-32.16080E-03
-14.22500E-03,-281.40703E-03,-33.42914E-03
-14.20000E-03,-262.01985E-03,-40.20100E-03
-14.17500E-03,-316.69301E-03,-33.14381E-03
-14.15000E-03,-321.60804E-03,-40.20100E-03
-14.12500E-03,-321.60804E-03,-35.39515E-03
-14.10000E-03,-323.30761E-03,-48.24121E-03
-14.07500E-03,-334.38061E-03,-50.79572E-03
-14.05000E-03,-374.76532E-03,-53.69015E-03
-14.02500E-03,-402.01005E-03,-56.28141E-03
-14.00000E-03,-402.01005E-03,-59.47901E-03
-13.97500E-03,-411.75087E-03,-62.37344E-03
-13.95000E-03,-442.21105E-03,-57.22767E-03
-13.92500E-03,-461.41453E-03,-68.16230E-03
-13.90000E-03,-482.41206E-03,-65.62668E-03
-13.87500E-03,-482.41206E-03,-72.36181E-03
-13.85000E-03,-500.19413E-03,-72.36181E-03
-13.82500E-03,-522.61306E-03,-79.74002E-03
-13.80000E-03,-540.48961E-03,-80.40201E-03
-13.77500E-03,-537.17969E-03,-80.40201E-03
-13.75000E-03,-562.90854E-03,-88.44221E-03
-13.72500E-03,-577.19174E-03,-80.40201E-03
-13.70000E-03,-603.01507E-03,-88.44221E-03
-13.67500E-03,-603.01507E-03,-95.85822E-03
-13.65000E-03,-643.21607E-03,-96.48241E-03
-13.62500E-03,-643.21607E-03,-94.85527E-03
-13.60000E-03,-643.21607E-03,-104.52261E-03
-13.57500E-03,-683.41708E-03,-100.36090E-03
-13.55000E-03,-683.41708E-03,-104.52261E-03
-13.52500E-03,-692.96895E-03,-110.65244E-03
-13.50000E-03,-707.44111E-03,-112.56281E-03
-13.47500E-03,-725.32291E-03,-112.56281E-03
-13.45000E-03,-751.05176E-03,-112.56281E-03
-13.42500E-03,-776.78061E-03,-112.56281E-03
-13.40000E-03,-763.81909E-03,-112.56281E-03
-13.37500E-03,-804.02009E-03,-120.60301E-03
-13.35000E-03,-834.47502E-03,-120.60301E-03
-13.32500E-03,-844.22110E-03,-120.60301E-03
-13.30000E-03,-865.22387E-03,-129.00412E-03
-13.27500E-03,-850.75172E-03,-135.37729E-03
-13.25000E-03,-844.22110E-03,-136.68342E-03
-13.22500E-03,-906.83578E-03,-136.68342E-03
-13.20000E-03,-884.42210E-03,-129.30625E-03
-13.17500E-03,-913.46613E-03,-138.91481E-03
-13.15000E-03,-939.19498E-03,-138.89487E-03
-13.12500E-03,-1.00492539E+00,-136.70336E-03
-13.10000E-03,-1.00502511E+00,-144.72362E-03
-13.07500E-03,-993.66869E-03,-152.76382E-03
-13.05000E-03,-1.00502511E+00,-160.18087E-03
-13.02500E-03,-1.02763824E+00,-160.80402E-03
-13.00000E-03,-1.00502511E+00,-167.21602E-03
-12.97500E-03,-1.04522612E+00,-160.80402E-03
-12.95000E-03,-1.06602945E+00,-164.96468E-03
-12.92500E-03,-1.08542712E+00,-168.84422E-03
-12.90000E-03,-1.11608150E+00,-168.84422E-03
-12.87500E-03,-1.12562813E+00,-168.84422E-03
-12.85000E-03,-1.12562813E+00,-169.18623E-03
-12.82500E-03,-1.13839021E+00,-176.88442E-03
-12.80000E-03,-1.15286236E+00,-176.88442E-03
-12.77500E-03,-1.16733451E+00,-184.92462E-03
-12.75000E-03,-1.20603014E+00,-188.12013E-03
-12.72500E-03,-1.17558046E+00,-186.87489E-03
-12.70000E-03,-1.20603014E+00,-192.02066E-03
-12.67500E-03,-1.24623114E+00,-192.96482E-03
-12.65000E-03,-1.23969527E+00,-201.00502E-03
-12.62500E-03,-1.27055959E+00,-201.00502E-03
-12.60000E-03,-1.26863957E+00,-201.00502E-03
-12.57500E-03,-1.28643215E+00,-200.34094E-03
-12.55000E-03,-1.29758388E+00,-206.81488E-03
-12.52500E-03,-1.30100927E+00,-214.17000E-03
-12.50000E-03,-1.32663315E+00,-209.04522E-03
-12.47500E-03,-1.36683416E+00,-214.21199E-03
-12.45000E-03,-1.39567349E+00,-209.04522E-03
-12.42500E-03,-1.40703516E+00,-217.08542E-03
-12.40000E-03,-1.40703516E+00,-221.60910E-03
-12.37500E-03,-1.37498038E+00,-218.71467E-03
-12.35000E-03,-1.40703516E+00,-225.12563E-03
-12.32500E-03,-1.42783324E+00,-225.12563E-03
-12.30000E-03,-1.44723617E+00,-232.17967E-03
-12.27500E-03,-1.41657654E+00,-233.16583E-03
-12.25000E-03,-1.48743717E+00,-233.16583E-03
-12.22500E-03,-1.48743717E+00,-233.16583E-03
-12.20000E-03,-1.45999299E+00,-230.22836E-03
-12.17500E-03,-1.47446515E+00,-227.72003E-03
-12.15000E-03,-1.44873629E+00,-233.16583E-03
-12.12500E-03,-1.43126389E+00,-228.32008E-03
-12.10000E-03,-1.44723617E+00,-231.21451E-03
-12.07500E-03,-1.44252059E+00,-226.06874E-03
-12.05000E-03,-1.44723617E+00,-233.16583E-03
-12.02500E-03,-1.40703516E+00,-225.12563E-03
-12.00000E-03,-1.43930514E+00,-226.71183E-03
-11.97500E-03,-1.40703516E+00,-229.60626E-03
-11.95000E-03,-1.40703516E+00,-225.12563E-03
-11.92500E-03,-1.36683416E+00,-225.12563E-03
-11.90000E-03,-1.36683416E+00,-217.08542E-03
-11.87500E-03,-1.36683416E+00,-217.08542E-03
-11.85000E-03,-1.34099508E+00,-217.08542E-03
-11.82500E-03,-1.35546723E+00,-222.85224E-03
-11.80000E-03,-1.32663315E+00,-209.04522E-03
-11.77500E-03,-1.32663315E+00,-213.56995E-03
-11.75000E-03,-1.32663315E+00,-209.04522E-03
-11.72500E-03,-1.28011147E+00,-202.26916E-03
-11.70000E-03,-1.26563932E+00,-205.16359E-03
-11.67500E-03,-1.24623114E+00,-208.05802E-03
-11.65000E-03,-1.20603014E+00,-207.13800E-03
-11.62500E-03,-1.23003842E+00,-201.00502E-03
-11.60000E-03,-1.24451057E+00,-193.30894E-03
-11.57500E-03,-1.17858071E+00,-195.51514E-03
-11.55000E-03,-1.16582913E+00,-201.00502E-03
-11.52500E-03,-1.16582913E+00,-192.96482E-03
-11.50000E-03,-1.14159516E+00,-201.00502E-03
-11.47500E-03,-1.13538995E+00,-192.96482E-03
-11.45000E-03,-1.12091780E+00,-193.90689E-03
-11.42500E-03,-1.12562813E+00,-189.12833E-03
-11.40000E-03,-1.05177249E+00,-187.54317E-03
-11.37500E-03,-1.04522612E+00,-199.41987E-03
-11.35000E-03,-1.04522612E+00,-181.36401E-03
-11.32500E-03,-1.00835604E+00,-184.92462E-03
-11.30000E-03,-1.04522612E+00,-168.84422E-03
-11.27500E-03,-1.00502511E+00,-168.84422E-03
-11.25000E-03,-1.00490964E+00,-176.88442E-03
-11.22500E-03,-979.18079E-03,-190.66729E-03
-11.20000E-03,-964.82411E-03,-179.15885E-03
-11.17500E-03,-927.72309E-03,-226.36562E-03
-11.15000E-03,-947.25198E-03,-201.00502E-03
-11.12500E-03,-924.62311E-03,-183.29328E-03
-11.10000E-03,-918.30767E-03,-166.31805E-03
-11.07500E-03,-884.42210E-03,-152.48899E-03
-11.05000E-03,-844.22110E-03,-145.71187E-03
-11.02500E-03,-844.22110E-03,-144.72362E-03
-11.00000E-03,-820.21806E-03,-143.16260E-03
-10.97500E-03,-844.22110E-03,-144.37845E-03
-10.95000E-03,-804.02009E-03,-142.17435E-03
-10.92500E-03,-776.80161E-03,-128.64321E-03
-10.90000E-03,-763.81909E-03,-136.08756E-03
-10.87500E-03,-788.05831E-03,-131.83557E-03
-10.85000E-03,-733.38515E-03,-128.64321E-03
-10.82500E-03,-723.61808E-03,-127.70220E-03
-10.80000E-03,-723.61808E-03,-124.43846E-03
-10.77500E-03,-683.41708E-03,-121.91334E-03
-10.75000E-03,-683.41708E-03,-120.60301E-03
-10.72500E-03,-683.41708E-03,-120.60301E-03
-10.70000E-03,-643.21607E-03,-120.60301E-03
-10.67500E-03,-643.21607E-03,-118.37582E-03
-10.65000E-03,-603.01507E-03,-107.44119E-03
-10.62500E-03,-642.97464E-03,-104.54676E-03
-10.60000E-03,-562.81406E-03,-99.35270E-03
-10.57500E-03,-574.19148E-03,-248.03248E-03
-10.55000E-03,-525.70779E-03,-145.96151E-03
-10.52500E-03,-540.17994E-03,-133.17004E-03
-10.50000E-03,-522.61306E-03,-106.15501E-03
-10.47500E-03,-488.72224E-03,-96.48241E-03
-10.45000E-03,-501.83073E-03,-88.16948E-03
-10.42500E-03,-482.41206E-03,-95.49311E-03
-10.40000E-03,-402.01005E-03,-88.44221E-03
-10.37500E-03,-466.20884E-03,-83.64265E-03
-10.35000E-03,-440.47998E-03,-88.09600E-03
-10.32500E-03,-429.46997E-03,-77.85379E-03
-10.30000E-03,-402.01005E-03,-77.80446E-03
-10.27500E-03,-363.29342E-03,-72.36181E-03
-10.25000E-03,-337.56457E-03,-69.17050E-03
-10.22500E-03,-361.80904E-03,-66.27607E-03
-10.20000E-03,-361.80904E-03,-64.32161E-03
-10.17500E-03,-321.60804E-03,-60.48721E-03
-10.15000E-03,-287.96390E-03,-50.86395E-03
-10.12500E-03,-313.69275E-03,-54.69835E-03
-10.10000E-03,-263.59346E-03,-52.71869E-03
-10.07500E-03,-281.40703E-03,-48.24121E-03
-10.05000E-03,-241.20603E-03,-56.28141E-03
-10.02500E-03,-215.60314E-03,-48.24121E-03
-10.00000E-03,-241.08006E-03,-64.32161E-03
-9.97500E-03,-226.85984E-03,-48.24121E-03
-9.95000E-03,-189.62235E-03,-72.36181E-03
-9.92500E-03,-194.82606E-03,-63.08581E-03
-9.90000E-03,-160.80402E-03,-40.20100E-03
-9.87500E-03,-152.63680E-03,-46.60776E-03
-9.85000E-03,-154.49908E-03,-25.38159E-03
-9.82500E-03,-120.60301E-03,-28.27602E-03
-9.80000E-03,-115.65125E-03,-24.12060E-03
-9.77500E-03,-80.40201E-03,-16.08040E-03
-9.75000E-03,-80.40201E-03,-16.08040E-03
-9.72500E-03,-1.73632E-03,-31.81354E-03
-9.70000E-03,-12.73583E-03,-21.57344E-03
-9.67500E-03,-40.20100E-03,-8.04020E-03
-9.65000E-03,+0.0E+00,-8.04020E-03
-9.62500E-03,+0.0E+00,+0.0E+00
-9.60000E-03,+9.77757E-03,-4.12917E-03
-9.57500E-03,+75.70743E-03,+0.0E+00
-9.55000E-03,+40.20100E-03,+4.20685E-03
-9.52500E-03,+80.40201E-03,+1.31242E-03
-9.50000E-03,+88.31204E-03,+8.04020E-03
-9.47500E-03,+102.78420E-03,+8.04020E-03
-9.45000E-03,+120.60301E-03,+8.70953E-03
-9.42500E-03,+149.67853E-03,+13.85530E-03
-9.40000E-03,+135.20638E-03,+29.24013E-03
-9.37500E-03,+160.80402E-03,+26.24E-06
-9.35000E-03,+201.00502E-03,-10.90839E-03
-9.32500E-03,+201.00502E-03,+16.08040E-03
-9.30000E-03,+201.00502E-03,+23.50376E-03
-9.27500E-03,+218.56141E-03,+27.63188E-03
-9.25000E-03,+209.17749E-03,+32.16080E-03
-9.22500E-03,+241.20603E-03,+32.16080E-03
-9.20000E-03,+260.63520E-03,+36.04664E-03
-9.17500E-03,+286.36405E-03,+33.15221E-03
-9.15000E-03,+312.09290E-03,+40.20100E-03
-9.12500E-03,+321.60804E-03,+43.44375E-03
-9.10000E-03,+361.80904E-03,+47.89289E-03
-9.07500E-03,+361.80904E-03,+53.73529E-03
-9.05000E-03,+361.80904E-03,+45.64155E-03
-9.02500E-03,+361.80904E-03,+64.02683E-03
-9.00000E-03,+377.75508E-03,+56.28141E-03
-8.97500E-03,+442.21105E-03,+58.23797E-03
-8.95000E-03,+406.69938E-03,+64.32161E-03
-8.92500E-03,+442.21105E-03,+68.15390E-03
-8.90000E-03,+482.41206E-03,+64.32161E-03
-8.87500E-03,+474.50727E-03,+72.36181E-03
-8.85000E-03,+482.41206E-03,+80.40201E-03
-8.82500E-03,+485.76397E-03,+80.40201E-03
-8.80000E-03,+522.61306E-03,+86.21816E-03
-8.77500E-03,+522.61306E-03,+83.32373E-03
-8.75000E-03,+562.67760E-03,+80.40201E-03
-8.72500E-03,+562.81406E-03,+85.57507E-03
-8.70000E-03,+562.81406E-03,+86.16358E-03
-8.67500E-03,+565.89305E-03,+95.86661E-03
-8.65000E-03,+580.36520E-03,+96.48241E-03
-8.62500E-03,+643.21607E-03,+102.88707E-03
-8.60000E-03,+649.51051E-03,+103.26372E-03
-8.57500E-03,+643.21607E-03,+104.52261E-03
-8.55000E-03,+648.17834E-03,+104.52261E-03
-8.52500E-03,+683.41708E-03,+112.56281E-03
-8.50000E-03,+723.61808E-03,+109.31902E-03
-8.47500E-03,+723.61808E-03,+120.25365E-03
-8.45000E-03,+751.09375E-03,+120.60301E-03
-8.42500E-03,+763.81909E-03,+120.60301E-03
-8.40000E-03,+762.35045E-03,+128.34949E-03
-8.37500E-03,+779.75988E-03,+128.64321E-03
-8.35000E-03,+773.60715E-03,+126.68560E-03
-8.32500E-03,+768.50317E-03,+128.64321E-03
-8.30000E-03,+823.17633E-03,+132.47446E-03
-8.27500E-03,+844.22110E-03,+136.68342E-03
-8.25000E-03,+844.22110E-03,+136.68342E-03
-8.22500E-03,+884.42210E-03,+144.72362E-03
-8.20000E-03,+884.42210E-03,+138.02628E-03
-8.17500E-03,+895.53709E-03,+144.72362E-03
-8.15000E-03,+924.62311E-03,+165.92145E-03
-8.12500E-03,+924.76482E-03,+160.80402E-03
-8.10000E-03,+924.62311E-03,+133.81733E-03
-8.07500E-03,+964.82411E-03,+126.36353E-03
-8.05000E-03,+961.75037E-03,+168.84422E-03
-8.02500E-03,+964.82411E-03,+152.76382E-03
-8.00000E-03,+1.00502511E+00,+167.20763E-03
-7.97500E-03,+1.00502511E+00,+167.58638E-03
-7.95000E-03,+1.02578645E+00,+156.65175E-03
-7.92500E-03,+1.05019363E+00,+153.75732E-03
-7.90000E-03,+1.05473076E+00,+160.80402E-03
-7.87500E-03,+1.08542712E+00,+165.59938E-03
-7.85000E-03,+1.08542712E+00,+169.19463E-03
-7.82500E-03,+1.12562813E+00,+184.92462E-03
-7.80000E-03,+1.12562813E+00,+179.48617E-03
-7.77500E-03,+1.12562813E+00,+177.46978E-03
-7.75000E-03,+1.12562813E+00,+184.92462E-03
-7.72500E-03,+1.17562245E+00,+184.92462E-03
-7.70000E-03,+1.17050797E+00,+184.92462E-03
-7.67500E-03,+1.20413111E+00,+189.13462E-03
-7.65000E-03,+1.23965328E+00,+194.28039E-03
-7.62500E-03,+1.23833685E+00,+194.54368E-03
-7.60000E-03,+1.24623114E+00,+189.39791E-03
-7.57500E-03,+1.28306973E+00,+201.00502E-03
-7.55000E-03,+1.25734088E+00,+128.64321E-03
-7.52500E-03,+1.31201404E+00,+184.92462E-03
-7.50000E-03,+1.28643215E+00,-72.33242E-03
-7.47500E-03,+1.32663315E+00,+120.60301E-03
-7.45000E-03,+1.32663315E+00,+203.28576E-03
-7.42500E-03,+1.32663315E+00,+176.27072E-03
-7.40000E-03,+1.32663315E+00,+192.96482E-03
-7.37500E-03,+1.35864594E+00,+210.68287E-03
-7.35000E-03,+1.39446728E+00,+210.30201E-03
-7.32500E-03,+1.36683416E+00,+217.08542E-03
-7.30000E-03,+1.36186139E+00,+217.08542E-03
-7.27500E-03,+1.35733477E+00,+194.86470E-03
-7.25000E-03,+1.36683416E+00,+220.33132E-03
-7.22500E-03,+1.36507684E+00,+225.12563E-03
-7.20000E-03,+1.36683416E+00,+217.08542E-03
-7.17500E-03,+1.33964716E+00,+219.68823E-03
-7.15000E-03,+1.32517501E+00,+224.83400E-03
-7.12500E-03,+1.32663315E+00,+217.08542E-03
-7.10000E-03,+1.28643215E+00,+217.08542E-03
-7.07500E-03,+1.32195956E+00,+209.97994E-03
-7.05000E-03,+1.28643215E+00,+213.25628E-03
-7.02500E-03,+1.27984904E+00,+207.72860E-03
-7.00000E-03,+1.27854311E+00,+209.04522E-03
-6.97500E-03,+1.24623114E+00,+209.04522E-03
-6.95000E-03,+1.20939780E+00,+223.77856E-03
-6.92500E-03,+1.23512665E+00,+195.18572E-03
-6.90000E-03,+1.20603014E+00,+201.00502E-03
-6.87500E-03,+1.16598134E+00,+192.99526E-03
-6.85000E-03,+1.18014907E+00,+214.22144E-03
-6.82500E-03,+1.12562813E+00,+195.24660E-03
-6.80000E-03,+1.16582913E+00,+192.96482E-03
-6.77500E-03,+1.10809274E+00,+184.92462E-03
-6.75000E-03,+1.12562813E+00,+186.56331E-03
-6.72500E-03,+1.09170581E+00,+184.92462E-03
-6.70000E-03,+1.08412644E+00,+188.81465E-03
-6.67500E-03,+1.08542712E+00,+184.92462E-03
-6.65000E-03,+1.04522612E+00,+184.92462E-03
-6.62500E-03,+1.04522612E+00,+176.88442E-03
-6.60000E-03,+1.00678768E+00,+176.88442E-03
-6.57500E-03,+1.00502511E+00,+176.88442E-03
-6.55000E-03,+992.00585E-03,+168.84422E-03
-6.52500E-03,+964.82411E-03,+161.09460E-03
-6.50000E-03,+964.82411E-03,+172.02923E-03
-6.47500E-03,+955.02030E-03,+174.92366E-03
-6.45000E-03,+889.09044E-03,+160.80402E-03
-6.42500E-03,+924.62311E-03,+160.80402E-03
-6.40000E-03,+884.42210E-03,+154.08149E-03
-6.37500E-03,+884.42210E-03,+160.80402E-03
-6.35000E-03,+844.22110E-03,+156.33283E-03
-6.32500E-03,+847.59401E-03,+152.76382E-03
-6.30000E-03,+833.12185E-03,+142.50377E-03
-6.27500E-03,+804.02009E-03,+144.72362E-03
-6.25000E-03,+803.86263E-03,+144.69212E-03
-6.22500E-03,+804.02009E-03,+136.68342E-03
-6.20000E-03,+763.81909E-03,+136.68342E-03
-6.17500E-03,+763.81909E-03,+129.25481E-03
-6.15000E-03,+723.61808E-03,+128.64321E-03
-6.12500E-03,+723.61808E-03,+128.64321E-03
-6.10000E-03,+683.41708E-03,+129.89790E-03
-6.07500E-03,+722.32790E-03,+128.64321E-03
-6.05000E-03,+718.63482E-03,+120.60301E-03
-6.02500E-03,+673.92819E-03,+120.60301E-03
-6.00000E-03,+659.45603E-03,+117.35502E-03
-5.97500E-03,+641.44826E-03,+120.24945E-03
-5.95000E-03,+615.71941E-03,+104.52261E-03
-5.92500E-03,+603.01507E-03,+107.12751E-03
-5.90000E-03,+603.01507E-03,+104.52261E-03
-5.87500E-03,+562.81406E-03,+104.52261E-03
-5.85000E-03,+553.00500E-03,+102.56080E-03
-5.82500E-03,+562.81406E-03,+104.52261E-03
-5.80000E-03,+501.54730E-03,+100.69556E-03
-5.77500E-03,+516.01945E-03,+83.03945E-03
-5.75000E-03,+514.73452E-03,+90.01792E-03
-5.72500E-03,+482.41206E-03,+92.01227E-03
-5.70000E-03,+482.41206E-03,+81.07764E-03
-5.67500E-03,+471.31806E-03,+86.22341E-03
-5.65000E-03,+467.77720E-03,+80.40201E-03
-5.62500E-03,+402.17275E-03,+80.40201E-03
-5.60000E-03,+402.01005E-03,+72.36181E-03
-5.57500E-03,+402.01005E-03,+80.40201E-03
-5.55000E-03,+364.86178E-03,+72.36181E-03
-5.52500E-03,+361.80904E-03,+67.82659E-03
-5.50000E-03,+321.60804E-03,+72.36181E-03
-5.47500E-03,+287.67523E-03,+64.32161E-03
-5.45000E-03,+321.60804E-03,+56.28141E-03
-5.42500E-03,+286.39554E-03,+49.23891E-03
-5.40000E-03,+290.89068E-03,+62.42488E-03
-5.37500E-03,+281.40703E-03,+56.28141E-03
-5.35000E-03,+279.63397E-03,+55.92679E-03
-5.32500E-03,+268.70794E-03,+48.24121E-03
-5.30000E-03,+214.03478E-03,+48.24121E-03
-5.27500E-03,+201.00502E-03,+40.20100E-03
-5.25000E-03,+185.09048E-03,+40.20100E-03
-5.22500E-03,+170.61833E-03,+34.12367E-03
-5.20000E-03,+160.80402E-03,+33.09237E-03
-5.17500E-03,+141.67402E-03,+32.16080E-03
-5.15000E-03,+127.20187E-03,+30.84103E-03
-5.12500E-03,+88.27530E-03,+24.12060E-03
-5.10000E-03,+120.60301E-03,+27.69171E-03
-5.07500E-03,+80.40201E-03,+23.44392E-03
-5.05000E-03,+51.28975E-03,+24.12060E-03
-5.02500E-03,+65.76190E-03,+19.00842E-03
-5.00000E-03,+40.20100E-03,+16.11399E-03
-4.97500E-03,+25.89681E-03,+8.04020E-03
-4.95000E-03,+0.0E+00,+13.79547E-03
-4.92500E-03,+0.0E+00,+8.04020E-03
-4.90000E-03,-22.68136E-03,+3.50393E-03
-4.87500E-03,-72.19280E-03,+0.0E+00
-4.85000E-03,-40.20100E-03,+1.25259E-03
-4.82500E-03,-101.13711E-03,+0.0E+00
-4.80000E-03,-115.60926E-03,-998.75E-06
-4.77500E-03,-120.60301E-03,-8.04020E-03
-4.75000E-03,-120.60301E-03,-8.04020E-03
-4.72500E-03,-160.80402E-03,-8.04020E-03
-4.70000E-03,-160.80402E-03,-16.08040E-03
-4.67500E-03,-160.80402E-03,-21.51360E-03
-4.65000E-03,-199.56788E-03,-16.08040E-03
-4.62500E-03,-176.71331E-03,-19.26226E-03
-4.60000E-03,-201.00502E-03,-30.19689E-03
-4.57500E-03,-205.65762E-03,-25.05112E-03
-4.55000E-03,-241.20603E-03,-27.94555E-03
-4.52500E-03,-241.20603E-03,-25.44142E-03
-4.50000E-03,-281.40703E-03,-32.16080E-03
-4.47500E-03,-303.74723E-03,-32.16080E-03
-4.45000E-03,-321.60804E-03,-40.20100E-03
-4.42500E-03,-310.52454E-03,-40.20100E-03
-4.40000E-03,-336.25339E-03,-45.31213E-03
-4.37500E-03,-361.63584E-03,-40.23565E-03
-4.35000E-03,-361.80904E-03,-48.24121E-03
-4.32500E-03,-361.80904E-03,-56.28141E-03
-4.30000E-03,-398.96780E-03,-55.67296E-03
-4.27500E-03,-402.01005E-03,-56.28141E-03
-4.25000E-03,-410.22450E-03,-56.28141E-03
-4.22500E-03,-442.21105E-03,-64.32161E-03
-4.20000E-03,-462.94090E-03,-60.17564E-03
-4.17500E-03,-477.41305E-03,-71.36201E-03
-4.15000E-03,-482.41206E-03,-72.36181E-03
-4.12500E-03,-522.61306E-03,-67.57275E-03
-4.10000E-03,-559.24695E-03,-72.36181E-03
-4.07500E-03,-535.30166E-03,-77.86429E-03
-4.05000E-03,-562.81406E-03,-85.83416E-03
-4.02500E-03,-601.58317E-03,-80.40201E-03
-4.00000E-03,-562.81406E-03,-85.26140E-03
-3.97500E-03,-593.19026E-03,-88.44221E-03
-3.95000E-03,-638.56873E-03,-88.44221E-03
-3.92500E-03,-622.13457E-03,-96.48241E-03
-3.90000E-03,-643.21607E-03,-96.48241E-03
-3.87500E-03,-675.55428E-03,-96.48241E-03
-3.85000E-03,-683.41708E-03,-100.05562E-03
-3.82500E-03,-683.41708E-03,-103.84383E-03
-3.80000E-03,-723.61808E-03,-104.52261E-03
-3.77500E-03,-723.61808E-03,-107.45273E-03
-3.75000E-03,-763.81909E-03,-104.55830E-03
-3.72500E-03,-737.91178E-03,-112.56281E-03
-3.70000E-03,-763.81909E-03,-114.84984E-03
-3.67500E-03,-804.02009E-03,-120.60301E-03
-3.65000E-03,-786.51094E-03,-116.06464E-03
-3.62500E-03,-804.02009E-03,-128.64321E-03
-3.60000E-03,-810.27254E-03,-121.85350E-03
-3.57500E-03,-844.22110E-03,-128.39358E-03
-3.55000E-03,-849.22535E-03,-136.68342E-03
-3.52500E-03,-853.68899E-03,-136.68342E-03
-3.50000E-03,-860.48205E-03,-133.43122E-03
-3.47500E-03,-926.41191E-03,-136.68342E-03
-3.45000E-03,-924.62311E-03,-142.18695E-03
-3.42500E-03,-924.62311E-03,-144.72362E-03
-3.40000E-03,-964.82411E-03,-144.72362E-03
-3.37500E-03,-964.82411E-03,-147.90338E-03
-3.35000E-03,-964.82411E-03,-158.83801E-03
-3.32500E-03,-964.82411E-03,-152.76382E-03
-3.30000E-03,-1.00502511E+00,-156.58667E-03
-3.27500E-03,-1.01163972E+00,-162.12694E-03
-3.25000E-03,-1.04522612E+00,-160.80402E-03
-3.22500E-03,-1.06755582E+00,-160.80402E-03
-3.20000E-03,-1.08542712E+00,-192.28499E-03
-3.17500E-03,-1.09650012E+00,-168.84422E-03
-3.15000E-03,-1.11097227E+00,-179.81559E-03
-3.12500E-03,-1.12562813E+00,-184.88788E-03
-3.10000E-03,-1.13991658E+00,-176.88442E-03
-3.07500E-03,-1.16582913E+00,-176.88442E-03
-3.05000E-03,-1.16582913E+00,-184.31827E-03
-3.02500E-03,-1.18333303E+00,-184.92462E-03
-3.00000E-03,-1.17405409E+00,-192.96482E-03
-2.97500E-03,-1.21227734E+00,-183.67518E-03
-2.95000E-03,-1.22551179E+00,-189.06849E-03
-2.92500E-03,-1.24623114E+00,-185.92652E-03
-2.90000E-03,-1.25569379E+00,-197.21996E-03
-2.87500E-03,-1.26249735E+00,-192.96482E-03
-2.85000E-03,-1.28643215E+00,-200.64621E-03
-2.82500E-03,-1.28643215E+00,-195.50044E-03
-2.80000E-03,-1.32663315E+00,-203.61517E-03
-2.77500E-03,-1.32663315E+00,-209.32950E-03
-2.75000E-03,-1.36683416E+00,-213.90671E-03
-2.72500E-03,-1.37666946E+00,-211.01228E-03
-2.70000E-03,-1.40239831E+00,-224.19826E-03
-2.67500E-03,-1.40703516E+00,-221.30383E-03
-2.65000E-03,-1.40703516E+00,-225.12563E-03
-2.62500E-03,-1.45508846E+00,-225.12563E-03
-2.60000E-03,-1.42491171E+00,-233.16583E-03
-2.57500E-03,-1.41043956E+00,-241.88691E-03
-2.55000E-03,-1.44723617E+00,-233.16583E-03
-2.52500E-03,-1.48743717E+00,-236.09805E-03
-2.50000E-03,-1.48743717E+00,-249.24623E-03
-2.47500E-03,-1.48743717E+00,-244.06267E-03
-2.45000E-03,-1.43579051E+00,-238.91690E-03
-2.42500E-03,-1.48743717E+00,-240.60073E-03
-2.40000E-03,-1.46473482E+00,-233.16583E-03
-2.37500E-03,-1.43900596E+00,-233.16583E-03
-2.35000E-03,-1.44723617E+00,-231.91744E-03
-2.32500E-03,-1.40703516E+00,-225.12563E-03
-2.30000E-03,-1.44222141E+00,-226.12858E-03
-2.27500E-03,-1.40703516E+00,-225.12563E-03
-2.25000E-03,-1.40703516E+00,-217.08542E-03
-2.22500E-03,-1.40523586E+00,-225.12563E-03
-2.20000E-03,-1.37950701E+00,-219.61999E-03
-2.17500E-03,-1.36683416E+00,-222.51443E-03
-2.15000E-03,-1.36683416E+00,-216.80219E-03
-2.12500E-03,-1.34252145E+00,-213.90776E-03
-2.10000E-03,-1.35699360E+00,-209.04522E-03
-2.07500E-03,-1.32663315E+00,-201.00502E-03
-2.05000E-03,-1.32663315E+00,-209.04522E-03
-2.02500E-03,-1.27980705E+00,-209.04522E-03
-2.00000E-03,-1.28643215E+00,-202.57443E-03
-1.97500E-03,-1.26411294E+00,-228.70199E-03
-1.95000E-03,-1.24623114E+00,-209.04522E-03
-1.92500E-03,-1.24623114E+00,-201.00502E-03
-1.90000E-03,-1.20603014E+00,-195.89809E-03
-1.87500E-03,-1.20603014E+00,-209.04522E-03
-1.85000E-03,-1.19175219E+00,-206.18963E-03
-1.82500E-03,-1.17728003E+00,-201.00502E-03
-1.80000E-03,-1.16582913E+00,-177.48867E-03
-1.77500E-03,-1.14312153E+00,-188.42330E-03
-1.75000E-03,-1.12562813E+00,-184.92462E-03
-1.72500E-03,-1.12562813E+00,-183.67728E-03
-1.70000E-03,-1.10491928E+00,-181.02619E-03
-1.67500E-03,-1.08542712E+00,-175.88042E-03
-1.65000E-03,-1.04522612E+00,-168.84422E-03
-1.62500E-03,-1.06150282E+00,-160.80402E-03
-1.60000E-03,-1.04522612E+00,-160.80402E-03
-1.57500E-03,-1.05789372E+00,-168.84422E-03
-1.55000E-03,-1.03216487E+00,-160.80402E-03
-1.52500E-03,-1.00502511E+00,-153.04600E-03
-1.50000E-03,-1.00502511E+00,-147.90023E-03
-1.47500E-03,-964.82411E-03,-152.76382E-03
-1.45000E-03,-929.24946E-03,-145.64889E-03
-1.42500E-03,-943.72161E-03,-148.54332E-03
-1.40000E-03,-917.99276E-03,-139.33556E-03
-1.37500E-03,-892.26390E-03,-138.25178E-03
-1.35000E-03,-884.42210E-03,-144.72362E-03
-1.32500E-03,-884.42210E-03,-144.72362E-03
-1.30000E-03,-844.22110E-03,-144.72362E-03
-1.27500E-03,-844.22110E-03,-155.69814E-03
-1.25000E-03,-844.02165E-03,-144.68373E-03
-1.22500E-03,-804.02009E-03,-128.64321E-03
-1.20000E-03,-792.56394E-03,-126.35198E-03
-1.17500E-03,-804.02009E-03,-128.04001E-03
-1.15000E-03,-763.81909E-03,-124.10064E-03
-1.12500E-03,-763.81909E-03,-126.99507E-03
-1.10000E-03,-717.38663E-03,-112.56281E-03
-1.07500E-03,-683.41708E-03,-116.70353E-03
-1.05000E-03,-723.61808E-03,-112.56281E-03
-1.02500E-03,-673.97018E-03,-106.41199E-03
-1.00000E-03,-667.13513E-03,-107.77900E-03
-975.00E-06,-681.60728E-03,-112.20085E-03
-950.00E-06,-670.75472E-03,-99.01488E-03
-925.00E-06,-603.01507E-03,-96.48241E-03
-900.00E-06,-603.01507E-03,-96.48241E-03
-875.00E-06,-603.01507E-03,-83.57757E-03
-850.00E-06,-562.81406E-03,-88.44221E-03
-825.00E-06,-593.77286E-03,-80.40201E-03
-800.00E-06,-541.70631E-03,-76.18046E-03
-775.00E-06,-522.61306E-03,-80.40201E-03
-750.00E-06,-522.61306E-03,-78.83470E-03
-725.00E-06,-500.30435E-03,-72.36181E-03
-700.00E-06,-482.41206E-03,-80.40201E-03
-675.00E-06,-482.41206E-03,-70.15141E-03
-650.00E-06,-467.73521E-03,-72.36181E-03
-625.00E-06,-442.21105E-03,-64.36255E-03
-600.00E-06,-402.01005E-03,-64.32161E-03
-575.00E-06,-413.47144E-03,-62.02933E-03
-550.00E-06,-361.80904E-03,-56.28141E-03
-525.00E-06,-384.52714E-03,-56.28141E-03
-500.00E-06,-361.80904E-03,-56.28141E-03
-475.00E-06,-327.83424E-03,-49.48645E-03
-450.00E-06,-300.90968E-03,-48.24121E-03
-425.00E-06,-286.43753E-03,-48.24121E-03
-400.00E-06,-290.84869E-03,-46.35287E-03
-375.00E-06,-281.40703E-03,-44.98377E-03
-350.00E-06,-281.40703E-03,-40.20100E-03
-325.00E-06,-241.20603E-03,-37.66958E-03
-300.00E-06,-241.20603E-03,-34.77515E-03
-275.00E-06,-202.40543E-03,-32.44088E-03
-250.00E-06,-201.00502E-03,-27.29511E-03
-225.00E-06,-170.66032E-03,-26.09186E-03
-200.00E-06,-160.80402E-03,-24.12060E-03
-175.00E-06,-141.71601E-03,-24.12060E-03
-150.00E-06,-120.60301E-03,-24.12060E-03
-125.00E-06,-120.60301E-03,-25.68686E-03
-100.00E-06,-120.60301E-03,-20.54109E-03
-75.00E-06,-117.17762E-03,-16.08040E-03
-50.00E-06,-80.40201E-03,-16.08040E-03
-25.00E-06,-54.88310E-03,-8.04020E-03
+0.0E+00,-39.99106E-03,-41.99E-06
+25.00E-06,-25.93880E-03,+0.0E+00
+50.00E-06,-28.73436E-03,+5.74687E-03
+75.00E-06,-3.00550E-03,+0.0E+00
+100.00E-06,+17.47766E-03,+8.04020E-03
+125.00E-06,+8.25120E-03,+8.04020E-03
+150.00E-06,+40.20100E-03,+8.04020E-03
+175.00E-06,+60.89411E-03,+12.17882E-03
+200.00E-06,+115.56727E-03,+16.08040E-03
+225.00E-06,+89.83841E-03,+9.92748E-03
+250.00E-06,+80.40201E-03,+16.08040E-03
+275.00E-06,+120.60301E-03,+16.44446E-03
+300.00E-06,+120.60301E-03,+16.08040E-03
+325.00E-06,+160.80402E-03,+24.12060E-03
+350.00E-06,+160.80402E-03,+16.08040E-03
+375.00E-06,+201.00502E-03,+19.25386E-03
+400.00E-06,+201.00502E-03,+32.16080E-03
+425.00E-06,+205.61563E-03,+24.12060E-03
+450.00E-06,+201.00502E-03,+28.34425E-03
+475.00E-06,+241.20603E-03,+33.49002E-03
+500.00E-06,+241.20603E-03,+56.28141E-03
+525.00E-06,+299.30983E-03,+35.74136E-03
+550.00E-06,+281.40703E-03,-686.13E-06
+575.00E-06,+281.40703E-03,+20.49700E-03
+600.00E-06,+306.92069E-03,-8.04020E-03
+625.00E-06,+321.60804E-03,+16.12344E-03
+650.00E-06,+335.86499E-03,+35.01220E-03
+675.00E-06,+373.28094E-03,+48.24121E-03
+700.00E-06,+402.01005E-03,+48.24121E-03
+725.00E-06,+402.01005E-03,+59.77589E-03
+750.00E-06,+402.01005E-03,+64.32161E-03
+775.00E-06,+408.22575E-03,+64.32161E-03
+800.00E-06,+422.69790E-03,+72.36181E-03
+825.00E-06,+442.21105E-03,+80.40201E-03
+850.00E-06,+442.21105E-03,+74.24804E-03
+875.00E-06,+482.41206E-03,+77.14247E-03
+900.00E-06,+482.41206E-03,+65.05182E-03
+925.00E-06,+509.96645E-03,+80.40201E-03
+950.00E-06,+522.61306E-03,+88.44221E-03
+975.00E-06,+522.61306E-03,+96.20443E-03
+1.00000E-03,+562.81406E-03,+83.57442E-03
+1.02500E-03,+593.14827E-03,+86.46885E-03
+1.05000E-03,+598.40971E-03,+88.44221E-03
+1.07500E-03,+603.01507E-03,+80.40201E-03
+1.10000E-03,+609.66641E-03,+56.28141E-03
+1.12500E-03,+643.21607E-03,+112.56281E-03
+1.15000E-03,+643.21607E-03,+72.36181E-03
+1.17500E-03,+643.21607E-03,+73.04899E-03
+1.20000E-03,+683.41708E-03,+144.72362E-03
+1.22500E-03,+668.72448E-03,+115.50133E-03
+1.25000E-03,+763.37820E-03,+112.56281E-03
+1.27500E-03,+723.61808E-03,+120.60301E-03
+1.30000E-03,+735.09523E-03,+114.85824E-03
+1.32500E-03,+801.02508E-03,+120.60301E-03
+1.35000E-03,+786.55293E-03,+120.60301E-03
+1.37500E-03,+772.08078E-03,+120.60301E-03
+1.40000E-03,+804.02009E-03,+127.40112E-03
+1.42500E-03,+844.22110E-03,+128.64321E-03
+1.45000E-03,+844.22110E-03,+136.68342E-03
+1.47500E-03,+844.22110E-03,+138.56860E-03
+1.50000E-03,+844.22110E-03,+141.46303E-03
+1.52500E-03,+884.42210E-03,+137.04957E-03
+1.55000E-03,+924.62311E-03,+150.23555E-03
+1.57500E-03,+924.62311E-03,+150.14632E-03
+1.60000E-03,+924.62311E-03,+152.76382E-03
+1.62500E-03,+964.82411E-03,+152.76382E-03
+1.65000E-03,+924.62311E-03,+154.73823E-03
+1.67500E-03,+960.22400E-03,+168.84422E-03
+1.70000E-03,+964.82411E-03,+168.84422E-03
+1.72500E-03,+971.48070E-03,+154.09514E-03
+1.75000E-03,+1.00502511E+00,+170.40733E-03
+1.77500E-03,+1.02293841E+00,+165.26156E-03
+1.80000E-03,+1.04522612E+00,+159.42756E-03
+1.82500E-03,+1.08542712E+00,+174.67822E-03
+1.85000E-03,+1.08542712E+00,+176.88442E-03
+1.87500E-03,+1.08542712E+00,+184.92462E-03
+1.90000E-03,+1.09967358E+00,+184.92462E-03
+1.92500E-03,+1.12562813E+00,+187.22110E-03
+1.95000E-03,+1.12861789E+00,+184.92462E-03
+1.97500E-03,+1.16582913E+00,+189.47244E-03
+2.00000E-03,+1.15756219E+00,+192.96482E-03
+2.02500E-03,+1.20603014E+00,+192.96482E-03
+2.05000E-03,+1.18650649E+00,+201.00502E-03
+2.07500E-03,+1.20603014E+00,+193.97512E-03
+2.10000E-03,+1.21545080E+00,+201.00502E-03
+2.12500E-03,+1.26253934E+00,+201.00502E-03
+2.15000E-03,+1.28459611E+00,+201.73944E-03
+2.17500E-03,+1.24623114E+00,+209.04522E-03
+2.20000E-03,+1.28643215E+00,+211.66377E-03
+2.22500E-03,+1.28643215E+00,+217.08542E-03
+2.25000E-03,+1.28643215E+00,+213.91511E-03
+2.27500E-03,+1.32663315E+00,+217.08542E-03
+2.30000E-03,+1.32663315E+00,+225.12563E-03
+2.32500E-03,+1.34570016E+00,+221.31222E-03
+2.35000E-03,+1.36683416E+00,+218.41779E-03
+2.37500E-03,+1.33444346E+00,+225.12563E-03
+2.40000E-03,+1.38911662E+00,+225.12563E-03
+2.42500E-03,+1.33007954E+00,+225.12563E-03
+2.45000E-03,+1.36683416E+00,+222.92047E-03
+2.47500E-03,+1.36683416E+00,+225.12563E-03
+2.50000E-03,+1.36660322E+00,+225.12563E-03
+2.52500E-03,+1.36683416E+00,+225.12563E-03
+2.55000E-03,+1.33812079E+00,+225.12563E-03
+2.57500E-03,+1.32364864E+00,+225.12563E-03
+2.60000E-03,+1.30917649E+00,+220.57676E-03
+2.62500E-03,+1.29470434E+00,+223.47119E-03
+2.65000E-03,+1.32043319E+00,+223.88563E-03
+2.67500E-03,+1.28643215E+00,+220.99120E-03
+2.70000E-03,+1.28137541E+00,+217.08542E-03
+2.72500E-03,+1.27701674E+00,+212.81139E-03
+2.75000E-03,+1.24623114E+00,+212.30791E-03
+2.77500E-03,+1.20603014E+00,+208.67697E-03
+2.80000E-03,+1.17846000E+00,+211.57140E-03
+2.82500E-03,+1.19293215E+00,+209.04522E-03
+2.85000E-03,+1.20465598E+00,+208.77039E-03
+2.87500E-03,+1.16582913E+00,+201.00502E-03
+2.90000E-03,+1.13551067E+00,+201.00502E-03
+2.92500E-03,+1.12562813E+00,+193.88274E-03
+2.95000E-03,+1.12562813E+00,+192.96482E-03
+2.97500E-03,+1.11896104E+00,+186.25804E-03
+3.00000E-03,+1.09323219E+00,+184.92462E-03
+3.02500E-03,+1.08542712E+00,+184.92462E-03
+3.05000E-03,+1.04867776E+00,+177.57475E-03
+3.07500E-03,+1.04522612E+00,+184.92462E-03
+3.10000E-03,+1.08542712E+00,+181.98295E-03
+3.12500E-03,+1.04522612E+00,+176.93166E-03
+3.15000E-03,+1.00502511E+00,+171.69141E-03
+3.17500E-03,+1.00502511E+00,+182.62604E-03
+3.20000E-03,+964.82411E-03,+169.44007E-03
+3.22500E-03,+964.82411E-03,+164.29430E-03
+3.25000E-03,+956.54667E-03,+162.45951E-03
+3.27500E-03,+924.62311E-03,+160.80402E-03
+3.30000E-03,+924.62311E-03,+160.80402E-03
+3.32500E-03,+889.48409E-03,+152.76382E-03
+3.35000E-03,+875.01194E-03,+154.64585E-03
+3.37500E-03,+844.22110E-03,+152.76382E-03
+3.40000E-03,+882.57556E-03,+152.39451E-03
+3.42500E-03,+816.64571E-03,+150.23869E-03
+3.45000E-03,+817.12333E-03,+139.30406E-03
+3.47500E-03,+804.02009E-03,+136.95720E-03
+3.50000E-03,+788.17903E-03,+141.55540E-03
+3.52500E-03,+763.81909E-03,+144.72362E-03
+3.55000E-03,+799.43573E-03,+129.56009E-03
+3.57500E-03,+744.76257E-03,+132.45452E-03
+3.60000E-03,+723.61808E-03,+128.64321E-03
+3.62500E-03,+731.41790E-03,+122.16298E-03
+3.65000E-03,+705.68904E-03,+120.60301E-03
+3.67500E-03,+683.41708E-03,+121.29439E-03
+3.70000E-03,+683.41708E-03,+126.44016E-03
+3.72500E-03,+643.21607E-03,+115.50553E-03
+3.75000E-03,+643.21607E-03,+112.56281E-03
+3.77500E-03,+617.24578E-03,+107.36875E-03
+3.80000E-03,+631.71793E-03,+106.82224E-03
+3.82500E-03,+603.01507E-03,+104.52261E-03
+3.85000E-03,+580.26023E-03,+99.97164E-03
+3.87500E-03,+562.81406E-03,+102.86607E-03
+3.90000E-03,+556.62460E-03,+96.48241E-03
+3.92500E-03,+522.61306E-03,+96.48241E-03
+3.95000E-03,+482.41206E-03,+95.46896E-03
+3.97500E-03,+491.81697E-03,+88.44221E-03
+4.00000E-03,+482.41206E-03,+83.66680E-03
+4.02500E-03,+520.76127E-03,+80.40201E-03
+4.05000E-03,+442.21105E-03,+80.40201E-03
+4.07500E-03,+429.10256E-03,+77.78031E-03
+4.10000E-03,+403.37371E-03,+88.16948E-03
+4.12500E-03,+417.84586E-03,+72.36181E-03
+4.15000E-03,+402.01005E-03,+72.36181E-03
+4.17500E-03,+361.80904E-03,+71.44599E-03
+4.20000E-03,+361.80904E-03,+68.55156E-03
+4.22500E-03,+361.80904E-03,+65.65712E-03
+4.25000E-03,+329.40260E-03,+64.32161E-03
+4.27500E-03,+299.34132E-03,+56.28141E-03
+4.30000E-03,+321.60804E-03,+63.62918E-03
+4.32500E-03,+281.40703E-03,+56.28141E-03
+4.35000E-03,+281.40703E-03,+53.33764E-03
+4.37500E-03,+241.20603E-03,+56.23207E-03
+4.40000E-03,+241.20603E-03,+45.39611E-03
+4.42500E-03,+229.70264E-03,+44.80236E-03
+4.45000E-03,+238.23726E-03,+40.20100E-03
+4.47500E-03,+201.00502E-03,+40.20100E-03
+4.50000E-03,+160.80402E-03,+40.20100E-03
+4.52500E-03,+126.78723E-03,+40.20100E-03
+4.55000E-03,+140.14765E-03,+28.25188E-03
+4.57500E-03,+125.67550E-03,+32.16080E-03
+4.60000E-03,+111.20335E-03,+24.12060E-03
+4.62500E-03,+104.27383E-03,+24.12060E-03
+4.65000E-03,+80.40201E-03,+16.45181E-03
+4.67500E-03,+80.40201E-03,+16.08040E-03
+4.70000E-03,+53.31474E-03,+21.49786E-03
+4.72500E-03,+40.20100E-03,+8.31188E-03
+4.75000E-03,+40.20100E-03,+8.04020E-03
+4.77500E-03,+9.89829E-03,+8.04020E-03
+4.80000E-03,-35.62714E-03,+8.04020E-03
+4.82500E-03,-19.04602E-03,+0.0E+00
+4.85000E-03,-40.20100E-03,+0.0E+00
+4.87500E-03,-72.61269E-03,+0.0E+00
+4.90000E-03,-62.46247E-03,+0.0E+00
+4.92500E-03,-83.86939E-03,-693.48E-06
+4.95000E-03,-109.59825E-03,-8.04020E-03
+4.97500E-03,-120.60301E-03,-16.08040E-03
+5.00000E-03,-120.60301E-03,-24.12060E-03
+5.02500E-03,-146.58380E-03,-18.92445E-03
+5.05000E-03,-160.80402E-03,-29.85908E-03
+5.07500E-03,-198.04151E-03,-39.60830E-03
+5.10000E-03,-160.80402E-03,-28.67367E-03
+5.12500E-03,-201.00502E-03,-40.20100E-03
+5.15000E-03,-241.20603E-03,-32.16080E-03
+5.17500E-03,-241.20603E-03,-40.20100E-03
+5.20000E-03,-246.28376E-03,-48.24121E-03
+5.22500E-03,-281.40703E-03,-42.07989E-03
+5.25000E-03,-281.40703E-03,-48.24121E-03
+5.27500E-03,-319.74575E-03,-63.94915E-03
+5.30000E-03,-308.99817E-03,-56.28141E-03
+5.32500E-03,-348.69006E-03,-56.28141E-03
+5.35000E-03,-321.60804E-03,-48.78247E-03
+5.37500E-03,-321.60804E-03,-61.15654E-03
+5.40000E-03,-371.71258E-03,-66.30231E-03
+5.42500E-03,-366.37766E-03,-65.23533E-03
+5.45000E-03,-402.01005E-03,-64.32161E-03
+5.47500E-03,-408.69813E-03,-65.65922E-03
+5.50000E-03,-442.21105E-03,-72.36181E-03
+5.52500E-03,-460.15584E-03,-76.81305E-03
+5.55000E-03,-482.41206E-03,-88.44221E-03
+5.57500E-03,-482.41206E-03,-98.68231E-03
+5.60000E-03,-522.61306E-03,-83.34788E-03
+5.62500E-03,-522.35588E-03,-88.44221E-03
+5.65000E-03,-548.59910E-03,-88.44221E-03
+5.67500E-03,-562.81406E-03,-94.17963E-03
+5.70000E-03,-565.77233E-03,-95.89076E-03
+5.72500E-03,-585.58465E-03,-96.48241E-03
+5.75000E-03,-594.71663E-03,-96.48241E-03
+5.77500E-03,-609.18879E-03,-95.24767E-03
+5.80000E-03,-603.01507E-03,-100.61158E-03
+5.82500E-03,-678.33409E-03,-112.56281E-03
+5.85000E-03,-674.02791E-03,-104.52261E-03
+5.87500E-03,-683.41708E-03,-112.56281E-03
+5.90000E-03,-683.41708E-03,-120.22951E-03
+5.92500E-03,-723.61808E-03,-112.56281E-03
+5.95000E-03,-750.69485E-03,-123.22786E-03
+5.97500E-03,-686.11291E-03,-120.87260E-03
+6.00000E-03,-747.99902E-03,-125.47920E-03
+6.02500E-03,-733.52687E-03,-122.58477E-03
+6.05000E-03,-763.81909E-03,-136.68342E-03
+6.07500E-03,-804.02009E-03,-116.79591E-03
+6.10000E-03,-804.02009E-03,-147.40095E-03
+6.12500E-03,-811.79891E-03,-152.76382E-03
+6.15000E-03,-866.47207E-03,-141.13361E-03
+6.17500E-03,-844.22110E-03,-145.41919E-03
+6.20000E-03,-884.42210E-03,-146.92247E-03
+6.22500E-03,-909.88852E-03,-160.80402E-03
+6.25000E-03,-884.68453E-03,-152.71133E-03
+6.27500E-03,-884.42210E-03,-152.76382E-03
+6.30000E-03,-907.46037E-03,-160.80402E-03
+6.32500E-03,-924.62311E-03,-160.21341E-03
+6.35000E-03,-964.82411E-03,-165.35919E-03
+6.37500E-03,-973.12779E-03,-160.80402E-03
+6.40000E-03,-970.99258E-03,-160.80402E-03
+6.42500E-03,-1.04522612E+00,-168.84422E-03
+6.45000E-03,-1.04522612E+00,-161.82166E-03
+6.47500E-03,-1.04522612E+00,-172.59779E-03
+6.50000E-03,-1.06908219E+00,-184.92462E-03
+6.52500E-03,-1.08542712E+00,-169.59333E-03
+6.55000E-03,-1.08542712E+00,-179.40429E-03
+6.57500E-03,-1.11249865E+00,-182.13621E-03
+6.60000E-03,-1.12428546E+00,-184.92462E-03
+6.62500E-03,-1.12562813E+00,-184.92462E-03
+6.65000E-03,-1.16582913E+00,-186.90743E-03
+6.67500E-03,-1.13474437E+00,-193.87645E-03
+6.70000E-03,-1.16582913E+00,-209.04522E-03
+6.72500E-03,-1.17252772E+00,-218.42514E-03
+6.75000E-03,-1.20603014E+00,-210.59994E-03
+6.77500E-03,-1.22827586E+00,-277.81598E-03
+6.80000E-03,-1.24623114E+00,-233.16583E-03
+6.82500E-03,-1.28643215E+00,-217.08542E-03
+6.85000E-03,-1.28643215E+00,-217.08542E-03
+6.87500E-03,-1.28669983E+00,-217.08542E-03
+6.90000E-03,-1.31242868E+00,-225.12563E-03
+6.92500E-03,-1.31510877E+00,-230.86095E-03
+6.95000E-03,-1.36683416E+00,-224.53607E-03
+6.97500E-03,-1.36683416E+00,-228.60961E-03
+7.00000E-03,-1.35852522E+00,-233.16583E-03
+7.02500E-03,-1.36683416E+00,-226.35827E-03
+7.05000E-03,-1.38639979E+00,-237.07895E-03
+7.07500E-03,-1.40703516E+00,-233.16583E-03
+7.10000E-03,-1.40703516E+00,-233.16583E-03
+7.12500E-03,-1.44723617E+00,-233.16583E-03
+7.15000E-03,-1.40891319E+00,-241.20603E-03
+7.17500E-03,-1.47484305E+00,-235.68465E-03
+7.20000E-03,-1.48743717E+00,-241.20603E-03
+7.22500E-03,-1.44857359E+00,-241.20603E-03
+7.25000E-03,-1.44723617E+00,-241.20603E-03
+7.27500E-03,-1.47751789E+00,-249.24623E-03
+7.30000E-03,-1.48288430E+00,-298.39801E-03
+7.32500E-03,-1.46626119E+00,-249.24623E-03
+7.35000E-03,-1.48073334E+00,-242.54679E-03
+7.37500E-03,-1.45500449E+00,-249.24623E-03
+7.40000E-03,-1.40703516E+00,-265.32663E-03
+7.42500E-03,-1.41052354E+00,-249.24623E-03
+7.45000E-03,-1.39605139E+00,-237.55934E-03
+7.47500E-03,-1.40703516E+00,-238.25701E-03
+7.50000E-03,-1.40676223E+00,-241.15144E-03
+7.52500E-03,-1.36683416E+00,-233.16583E-03
+7.55000E-03,-1.37836379E+00,-233.16583E-03
+7.57500E-03,-1.36683416E+00,-224.53712E-03
+7.60000E-03,-1.32663315E+00,-225.12563E-03
+7.62500E-03,-1.32663315E+00,-217.08542E-03
+7.65000E-03,-1.29259012E+00,-223.89403E-03
+7.67500E-03,-1.32663315E+00,-217.08542E-03
+7.70000E-03,-1.28643215E+00,-216.06568E-03
+7.72500E-03,-1.31725973E+00,-217.08542E-03
+7.75000E-03,-1.24623114E+00,-209.04522E-03
+7.77500E-03,-1.24623114E+00,-208.66857E-03
+7.80000E-03,-1.24623114E+00,-206.52745E-03
+7.82500E-03,-1.24623114E+00,-201.00502E-03
+7.85000E-03,-1.24489897E+00,-209.04522E-03
+7.87500E-03,-1.20603014E+00,-201.00502E-03
+7.90000E-03,-1.13555266E+00,-199.02012E-03
+7.92500E-03,-1.16582913E+00,-208.13570E-03
+7.95000E-03,-1.16582913E+00,-196.76878E-03
+7.97500E-03,-1.12562813E+00,-202.34684E-03
+8.00000E-03,-1.09319020E+00,-202.55764E-03
+8.02500E-03,-1.12562813E+00,-184.92462E-03
+8.05000E-03,-1.08542712E+00,-184.92462E-03
+8.07500E-03,-1.08542712E+00,-182.72892E-03
+8.10000E-03,-1.07067679E+00,-171.79429E-03
+8.12500E-03,-1.04522612E+00,-176.88442E-03
+8.15000E-03,-1.00502511E+00,-168.84422E-03
+8.17500E-03,-1.00502511E+00,-163.11099E-03
+8.20000E-03,-967.76138E-03,-161.39147E-03
+8.22500E-03,-987.61569E-03,-160.80402E-03
+8.25000E-03,-964.82411E-03,-160.80402E-03
+8.27500E-03,-964.82411E-03,-153.99436E-03
+8.30000E-03,-944.19924E-03,-152.76382E-03
+8.32500E-03,-919.51913E-03,-152.76382E-03
+8.35000E-03,-924.62311E-03,-144.72362E-03
+8.37500E-03,-884.42210E-03,-139.95555E-03
+8.40000E-03,-846.10962E-03,-137.06112E-03
+8.42500E-03,-844.22110E-03,-144.72362E-03
+8.45000E-03,-844.22110E-03,-134.05437E-03
+8.47500E-03,-842.89417E-03,-128.64321E-03
+8.50000E-03,-828.42202E-03,-139.84323E-03
+8.52500E-03,-794.09031E-03,-134.69746E-03
+8.55000E-03,-768.36146E-03,-153.67229E-03
+8.57500E-03,-763.81909E-03,-180.68733E-03
+8.60000E-03,-763.81909E-03,-105.86548E-03
+8.62500E-03,-731.37591E-03,-112.56281E-03
+8.65000E-03,-727.87703E-03,-128.64321E-03
+8.67500E-03,-723.61808E-03,-144.72362E-03
+8.70000E-03,-683.41708E-03,-128.64321E-03
+8.72500E-03,-683.41708E-03,-112.56281E-03
+8.75000E-03,-643.21607E-03,-120.60301E-03
+8.77500E-03,-629.02735E-03,-112.56281E-03
+8.80000E-03,-614.55520E-03,-112.56281E-03
+8.82500E-03,-603.01507E-03,-104.52261E-03
+8.85000E-03,-580.21824E-03,-96.48241E-03
+8.87500E-03,-562.81406E-03,-104.52261E-03
+8.90000E-03,-596.86759E-03,-96.48241E-03
+8.92500E-03,-543.23269E-03,-96.48241E-03
+8.95000E-03,-522.61306E-03,-88.44221E-03
+8.97500E-03,-513.25013E-03,-88.44221E-03
+9.00000E-03,-482.41206E-03,-88.44221E-03
+9.02500E-03,-482.41206E-03,-80.02325E-03
+9.05000E-03,-454.78943E-03,-72.36181E-03
+9.07500E-03,-455.36153E-03,-74.99190E-03
+9.10000E-03,-403.33172E-03,-80.13767E-03
+9.12500E-03,-417.80387E-03,-77.24324E-03
+9.15000E-03,-442.21105E-03,-56.28141E-03
+9.17500E-03,-397.47292E-03,-64.32161E-03
+9.20000E-03,-361.80904E-03,-48.24121E-03
+9.22500E-03,-328.32761E-03,-159.46010E-03
+9.25000E-03,-329.36061E-03,-67.42264E-03
+9.27500E-03,-321.60804E-03,-72.36181E-03
+9.30000E-03,-281.40703E-03,-72.36181E-03
+9.32500E-03,-281.40703E-03,-64.32161E-03
+9.35000E-03,-296.16786E-03,-59.23357E-03
+9.37500E-03,-281.40703E-03,-48.29894E-03
+9.40000E-03,-241.20603E-03,-48.24121E-03
+9.42500E-03,-229.66065E-03,-48.24121E-03
+9.45000E-03,-203.93180E-03,-40.78636E-03
+9.47500E-03,-201.00502E-03,-44.76142E-03
+9.50000E-03,-192.67510E-03,-48.24121E-03
+9.52500E-03,-166.94624E-03,-47.01276E-03
+9.55000E-03,-120.60301E-03,-36.28368E-03
+9.57500E-03,-160.80402E-03,-32.16080E-03
+9.60000E-03,-120.60301E-03,-30.28927E-03
+9.62500E-03,-96.77319E-03,-24.12060E-03
+9.65000E-03,-82.30103E-03,-16.08040E-03
+9.67500E-03,-80.40201E-03,-16.08040E-03
+9.70000E-03,-40.20100E-03,-18.71155E-03
+9.72500E-03,-80.40201E-03,-8.30349E-03
+9.75000E-03,-40.20100E-03,+0.0E+00
+9.77500E-03,-40.20100E-03,-6.05215E-03
+9.80000E-03,-4.53188E-03,+16.08040E-03
+9.82500E-03,+0.0E+00,+19.44262E-03
+9.85000E-03,+40.20100E-03,-6.69524E-03
+9.87500E-03,+47.94833E-03,+8.04020E-03
+9.90000E-03,+40.20100E-03,+8.04020E-03
+9.92500E-03,+76.89263E-03,+16.08040E-03
+9.95000E-03,+80.40201E-03,+18.27296E-03
+9.97500E-03,+120.60301E-03,+16.08040E-03
+10.00000E-03,+120.60301E-03,+24.06182E-03
+10.02500E-03,+146.62579E-03,+24.12060E-03
+10.05000E-03,+160.80402E-03,+32.16080E-03
+10.07500E-03,+163.72554E-03,+24.12060E-03
+10.10000E-03,+160.80402E-03,+28.68207E-03
+10.12500E-03,+201.00502E-03,+33.82784E-03
+10.15000E-03,+201.00502E-03,+38.97361E-03
+10.17500E-03,+241.20603E-03,+36.07918E-03
+10.20000E-03,+241.20603E-03,+41.22495E-03
+10.22500E-03,+272.05460E-03,+43.94198E-03
+10.25000E-03,+257.58245E-03,+43.47629E-03
+10.27500E-03,+317.79949E-03,+40.58186E-03
+10.30000E-03,+281.40703E-03,+48.24121E-03
+10.32500E-03,+294.56801E-03,+50.87340E-03
+10.35000E-03,+321.60804E-03,+48.50344E-03
+10.37500E-03,+321.60804E-03,+59.43807E-03
+10.40000E-03,+361.80904E-03,+56.28141E-03
+10.42500E-03,+406.53667E-03,+70.55116E-03
+10.45000E-03,+402.01005E-03,+64.32161E-03
+10.47500E-03,+402.01005E-03,+65.66762E-03
+10.50000E-03,+409.75212E-03,+72.36181E-03
+10.52500E-03,+442.21105E-03,+72.36181E-03
+10.55000E-03,+478.89743E-03,+72.36181E-03
+10.57500E-03,+482.41206E-03,+80.40201E-03
+10.60000E-03,+482.41206E-03,+88.44221E-03
+10.62500E-03,+482.41206E-03,+88.38238E-03
+10.65000E-03,+536.78604E-03,+86.07120E-03
+10.67500E-03,+551.25819E-03,+80.40201E-03
+10.70000E-03,+562.81406E-03,+81.56852E-03
+10.72500E-03,+540.00149E-03,+88.44221E-03
+10.75000E-03,+562.81406E-03,+94.81433E-03
+10.77500E-03,+596.88334E-03,+104.52261E-03
+10.80000E-03,+562.81406E-03,+104.52261E-03
+10.82500E-03,+567.93904E-03,+112.56281E-03
+10.85000E-03,+643.21607E-03,+104.52261E-03
+10.87500E-03,+643.21607E-03,+107.79895E-03
+10.90000E-03,+681.50756E-03,+112.56281E-03
+10.92500E-03,+643.21607E-03,+115.07534E-03
+10.95000E-03,+683.41708E-03,+112.56281E-03
+10.97500E-03,+683.41708E-03,+120.60301E-03
+11.00000E-03,+723.61808E-03,+125.48760E-03
+11.02500E-03,+763.81909E-03,+126.65306E-03
+11.05000E-03,+728.13946E-03,+120.60301E-03
+11.07500E-03,+763.81909E-03,+128.64321E-03
+11.10000E-03,+797.28477E-03,+128.64321E-03
+11.12500E-03,+804.02009E-03,+128.64321E-03
+11.15000E-03,+822.01212E-03,+136.68342E-03
+11.17500E-03,+807.53996E-03,+135.97944E-03
+11.20000E-03,+844.22110E-03,+142.53316E-03
+11.22500E-03,+884.42210E-03,+144.72362E-03
+11.25000E-03,+884.42210E-03,+144.72362E-03
+11.27500E-03,+884.42210E-03,+144.72362E-03
+11.30000E-03,+913.06198E-03,+152.76382E-03
+11.32500E-03,+924.62311E-03,+159.63961E-03
+11.35000E-03,+964.82411E-03,+156.24045E-03
+11.37500E-03,+964.82411E-03,+154.43295E-03
+11.40000E-03,+964.82411E-03,+159.57872E-03
+11.42500E-03,+1.00502511E+00,+160.80402E-03
+11.45000E-03,+1.00502511E+00,+161.83006E-03
+11.47500E-03,+1.00502511E+00,+168.84422E-03
+11.50000E-03,+1.02141204E+00,+168.84422E-03
+11.52500E-03,+1.04522612E+00,+168.84422E-03
+11.55000E-03,+1.05778350E+00,+179.39590E-03
+11.57500E-03,+1.08542712E+00,+179.51871E-03
+11.60000E-03,+1.08542712E+00,+176.88442E-03
+11.62500E-03,+1.10119996E+00,+184.92462E-03
+11.65000E-03,+1.12562813E+00,+192.96482E-03
+11.67500E-03,+1.13014426E+00,+192.96482E-03
+11.70000E-03,+1.16582913E+00,+192.96482E-03
+11.72500E-03,+1.13236870E+00,+192.96482E-03
+11.75000E-03,+1.16582913E+00,+201.00502E-03
+11.77500E-03,+1.20603014E+00,+196.56428E-03
+11.80000E-03,+1.24270602E+00,+193.66985E-03
+11.82500E-03,+1.20603014E+00,+206.85582E-03
+11.85000E-03,+1.24623114E+00,+206.08886E-03
+11.87500E-03,+1.28612248E+00,+208.98329E-03
+11.90000E-03,+1.26039362E+00,+209.04522E-03
+11.92500E-03,+1.28643215E+00,+211.35850E-03
+11.95000E-03,+1.28643215E+00,+217.08542E-03
+11.97500E-03,+1.30925522E+00,+217.08542E-03
+12.00000E-03,+1.32663315E+00,+217.08542E-03
+12.02500E-03,+1.36071293E+00,+218.30967E-03
+12.05000E-03,+1.36683416E+00,+225.32278E-03
+12.07500E-03,+1.36683416E+00,+226.15272E-03
+12.10000E-03,+1.36683416E+00,+226.99296E-03
+12.12500E-03,+1.36683416E+00,+226.60896E-03
+12.15000E-03,+1.36683416E+00,+225.50963E-03
+12.17500E-03,+1.36683416E+00,+230.65540E-03
+12.20000E-03,+1.36683416E+00,+227.76097E-03
+12.22500E-03,+1.32663315E+00,+225.38471E-03
+12.25000E-03,+1.34240073E+00,+225.12563E-03
+12.27500E-03,+1.32663315E+00,+225.12563E-03
+12.30000E-03,+1.32663315E+00,+224.22345E-03
+12.32500E-03,+1.30765012E+00,+228.92223E-03
+12.35000E-03,+1.29317797E+00,+223.77646E-03
+12.37500E-03,+1.28643215E+00,+218.63069E-03
+12.40000E-03,+1.28643215E+00,+217.08542E-03
+12.42500E-03,+1.24976151E+00,+217.08542E-03
+12.45000E-03,+1.24623114E+00,+211.23358E-03
+12.47500E-03,+1.24623114E+00,+212.00264E-03
+12.50000E-03,+1.20634506E+00,+209.04522E-03
+12.52500E-03,+1.20603014E+00,+211.87667E-03
+12.55000E-03,+1.20603014E+00,+206.73090E-03
+12.57500E-03,+1.16872967E+00,+209.04522E-03
+12.60000E-03,+1.14300081E+00,+197.53049E-03
+12.62500E-03,+1.15747296E+00,+199.33379E-03
+12.65000E-03,+1.12562813E+00,+199.78183E-03
+12.67500E-03,+1.12562813E+00,+192.96482E-03
+12.70000E-03,+1.12048741E+00,+192.96482E-03
+12.72500E-03,+1.09475856E+00,+186.79091E-03
+12.75000E-03,+1.08542712E+00,+189.68534E-03
+12.77500E-03,+1.04715139E+00,+184.92462E-03
+12.80000E-03,+1.08542712E+00,+184.92462E-03
+12.82500E-03,+1.04522612E+00,+182.28823E-03
+12.85000E-03,+1.04522612E+00,+184.40855E-03
+12.87500E-03,+1.00502511E+00,+168.84422E-03
+12.90000E-03,+1.03525960E+00,+170.83752E-03
+12.92500E-03,+1.00051948E+00,+161.70514E-03
+12.95000E-03,+964.82411E-03,+173.08886E-03
+12.97500E-03,+931.37417E-03,+167.49401E-03
+13.00000E-03,+932.34419E-03,+167.30000E-03
+13.02500E-03,+924.62311E-03,+165.24267E-03
+13.05000E-03,+921.08749E-03,+152.76382E-03
+13.07500E-03,+895.35863E-03,+152.76382E-03
+13.10000E-03,+869.62978E-03,+147.68208E-03
+13.12500E-03,+844.54126E-03,+144.78765E-03
+13.15000E-03,+844.22110E-03,+144.72362E-03
+13.17500E-03,+815.59696E-03,+138.99879E-03
+13.20000E-03,+804.02009E-03,+144.72362E-03
+13.22500E-03,+781.18652E-03,+141.25013E-03
+13.25000E-03,+763.81909E-03,+136.68342E-03
+13.27500E-03,+723.61808E-03,+129.86536E-03
+13.30000E-03,+743.23620E-03,+132.75979E-03
+13.32500E-03,+723.61808E-03,+128.64321E-03
+13.35000E-03,+723.61808E-03,+128.64321E-03
+13.37500E-03,+723.61808E-03,+120.60301E-03
+13.40000E-03,+683.41708E-03,+120.98912E-03
+13.42500E-03,+655.75771E-03,+120.60301E-03
+13.45000E-03,+670.22986E-03,+117.96557E-03
+13.47500E-03,+604.30000E-03,+120.60301E-03
+13.50000E-03,+643.21607E-03,+101.37119E-03
+13.52500E-03,+603.01507E-03,+118.60866E-03
+13.55000E-03,+603.01507E-03,+120.60301E-03
+13.57500E-03,+603.01507E-03,+92.68790E-03
+13.60000E-03,+562.81406E-03,+103.17135E-03
+13.62500E-03,+555.09823E-03,+102.97945E-03
+13.65000E-03,+522.61306E-03,+100.92001E-03
+13.67500E-03,+482.41206E-03,+95.77424E-03
+13.70000E-03,+522.61306E-03,+86.25595E-03
+13.72500E-03,+457.00862E-03,+93.52290E-03
+13.75000E-03,+482.08664E-03,+80.46709E-03
+13.77500E-03,+442.21105E-03,+85.61286E-03
+13.80000E-03,+413.59216E-03,+82.71843E-03
+13.82500E-03,+404.90008E-03,+72.93982E-03
+13.85000E-03,+402.01005E-03,+76.92957E-03
+13.87500E-03,+433.84438E-03,+72.36181E-03
+13.90000E-03,+402.01005E-03,+71.14071E-03
+13.92500E-03,+361.80904E-03,+72.17095E-03
+13.95000E-03,+321.60804E-03,+64.32161E-03
+13.97500E-03,+321.60804E-03,+64.32161E-03
+14.00000E-03,+314.22287E-03,+64.32161E-03
+14.02500E-03,+319.67227E-03,+56.28141E-03
+14.05000E-03,+268.87065E-03,+56.28141E-03
+14.07500E-03,+281.40703E-03,+58.91990E-03
+14.10000E-03,+241.20603E-03,+40.45694E-03
+14.12500E-03,+225.45419E-03,+48.24121E-03
+14.15000E-03,+241.20603E-03,+42.19641E-03
+14.17500E-03,+201.00502E-03,+47.34218E-03
+14.20000E-03,+182.03774E-03,+36.40755E-03
+14.22500E-03,+167.56558E-03,+38.84869E-03
+14.25000E-03,+160.80402E-03,+38.65889E-03
+14.27500E-03,+120.60301E-03,+28.55715E-03
+14.30000E-03,+117.05690E-03,+32.87003E-03
+14.32500E-03,+120.60301E-03,+24.12060E-03
+14.35000E-03,+120.60301E-03,+24.12060E-03
+14.37500E-03,+120.27235E-03,+8.10633E-03
+14.40000E-03,+80.40201E-03,+10.86850E-03
+14.42500E-03,+40.20100E-03,+10.35767E-03
+14.45000E-03,+40.20100E-03,+16.08040E-03
+14.47500E-03,+40.20100E-03,+16.08040E-03
+14.50000E-03,+8.37192E-03,+14.40602E-03
+14.52500E-03,+0.0E+00,+10.48030E-03
+14.55000E-03,-40.20100E-03,+3.92572E-03
+14.57500E-03,-35.04454E-03,+1.03129E-03
+14.60000E-03,-71.08632E-03,+8.04020E-03
+14.62500E-03,-80.40201E-03,+4.75757E-03
+14.65000E-03,-82.34302E-03,+8.04020E-03
+14.67500E-03,-108.07188E-03,-5.53397E-03
+14.70000E-03,-120.60301E-03,-5.40066E-03
+14.72500E-03,-160.80402E-03,-24.12060E-03
+14.75000E-03,-160.80402E-03,-25.86217E-03
+14.77500E-03,-160.80402E-03,-32.16080E-03
+14.80000E-03,-196.51514E-03,-16.08040E-03
+14.82500E-03,-182.04298E-03,-16.08040E-03
+14.85000E-03,-201.00502E-03,-17.43376E-03
+14.87500E-03,-233.50069E-03,-17.62147E-03
+14.90000E-03,-241.20603E-03,-28.55610E-03
+14.92500E-03,-241.20603E-03,-39.49073E-03
+14.95000E-03,-270.48624E-03,-32.16080E-03
+14.97500E-03,-296.21510E-03,-32.16080E-03
+15.00000E-03,-321.27212E-03,-32.22799E-03
+15.02500E-03,-321.60804E-03,-40.20100E-03
+15.05000E-03,-350.21643E-03,-34.47933E-03
+15.07500E-03,-321.60804E-03,-47.66530E-03
+15.10000E-03,-344.45735E-03,-56.28141E-03
+15.12500E-03,-361.80904E-03,-48.24121E-03
+15.15000E-03,-367.90403E-03,-49.46020E-03
+15.17500E-03,-402.01005E-03,-48.24121E-03
+15.20000E-03,-402.01005E-03,-56.28141E-03
+15.22500E-03,-402.01005E-03,-56.28141E-03
+15.25000E-03,-465.99364E-03,-56.28141E-03
+15.27500E-03,-442.21105E-03,-56.67066E-03
+15.30000E-03,-482.41206E-03,-72.36181E-03
+15.32500E-03,-482.41206E-03,-72.36181E-03
+15.35000E-03,-522.61306E-03,-72.36181E-03
+15.37500E-03,-522.61306E-03,-91.59048E-03
+15.40000E-03,-562.81406E-03,-74.35931E-03
+15.42500E-03,-567.29870E-03,-87.54528E-03
+15.45000E-03,-584.05828E-03,-88.44221E-03
+15.47500E-03,-603.01507E-03,-88.44221E-03
+15.50000E-03,-643.21607E-03,-88.44221E-03
+15.52500E-03,-603.01507E-03,-88.44221E-03
+15.55000E-03,-639.65946E-03,-89.15353E-03
+15.57500E-03,-654.13161E-03,-96.48241E-03
+15.60000E-03,-658.02939E-03,-96.48241E-03
+15.62500E-03,-723.27692E-03,-96.55064E-03
+15.65000E-03,-709.48709E-03,-104.52261E-03
+15.67500E-03,-723.61808E-03,-101.12156E-03
+15.70000E-03,-760.94480E-03,-105.09747E-03
+15.72500E-03,-763.81909E-03,-112.56281E-03
+15.75000E-03,-763.81909E-03,-112.56281E-03
+15.77500E-03,-804.02009E-03,-120.60301E-03
+15.80000E-03,-804.02009E-03,-116.49064E-03
+15.82500E-03,-804.02009E-03,-121.63641E-03
+15.85000E-03,-804.02009E-03,-120.60301E-03
+15.87500E-03,-844.22110E-03,-131.92795E-03
+15.90000E-03,-846.17261E-03,-128.64321E-03
+15.92500E-03,-884.42210E-03,-131.14734E-03
+15.95000E-03,-911.41489E-03,-155.52073E-03
+15.97500E-03,-885.68604E-03,-128.89600E-03
+16.00000E-03,-940.35920E-03,-136.68342E-03
+16.02500E-03,-964.82411E-03,-142.72506E-03
+16.05000E-03,-964.82411E-03,-152.76382E-03
+16.07500E-03,-964.82411E-03,-148.97351E-03
+16.10000E-03,-971.60142E-03,-146.07908E-03
+16.12500E-03,-964.82411E-03,-152.76382E-03
+16.15000E-03,-1.00502511E+00,-160.80402E-03
+16.17500E-03,-1.04522612E+00,-153.47619E-03
+16.20000E-03,-1.04522612E+00,-160.80402E-03
+16.22500E-03,-1.06004468E+00,-163.76773E-03
+16.25000E-03,-1.04557253E+00,-168.84422E-03
+16.27500E-03,-1.09737665E+00,-168.84422E-03
+16.30000E-03,-1.11402502E+00,-168.84422E-03
+16.32500E-03,-1.12562813E+00,-168.84422E-03
+16.35000E-03,-1.14296932E+00,-168.84422E-03
+16.37500E-03,-1.12562813E+00,-178.56195E-03
+16.40000E-03,-1.20603014E+00,-178.10132E-03
+16.42500E-03,-1.18638578E+00,-184.92462E-03
+16.45000E-03,-1.17100134E+00,-192.96482E-03
+16.47500E-03,-1.17512907E+00,-186.78461E-03
+16.50000E-03,-1.22245905E+00,-188.21040E-03
+16.52500E-03,-1.24623114E+00,-201.00502E-03
+16.55000E-03,-1.25874653E+00,-201.00502E-03
+16.57500E-03,-1.25944460E+00,-201.00502E-03
+16.60000E-03,-1.28643215E+00,-208.79349E-03
+16.62500E-03,-1.28643215E+00,-212.19139E-03
+16.65000E-03,-1.31663514E+00,-219.08503E-03
+16.67500E-03,-1.32663315E+00,-209.04522E-03
+16.70000E-03,-1.34557944E+00,-209.04522E-03
+16.72500E-03,-1.36683416E+00,-217.08542E-03
+16.75000E-03,-1.40703516E+00,-217.08542E-03
+16.77500E-03,-1.40703516E+00,-217.08542E-03
+16.80000E-03,-1.41060227E+00,-217.79885E-03
+16.82500E-03,-1.40703516E+00,-230.98482E-03
+16.85000E-03,-1.43241235E+00,-228.09039E-03
+16.87500E-03,-1.44688451E+00,-233.09549E-03
+16.90000E-03,-1.44723617E+00,-227.94972E-03
+16.92500E-03,-1.45884453E+00,-241.20603E-03
+16.95000E-03,-1.48743717E+00,-240.63327E-03
+16.97500E-03,-1.47010123E+00,-233.16583E-03
+17.00000E-03,-1.45562908E+00,-239.52745E-03
+17.02500E-03,-1.41919364E+00,-239.99018E-03
+17.05000E-03,-1.46778756E+00,-249.24623E-03
+17.07500E-03,-1.44723617E+00,-235.23681E-03
+17.10000E-03,-1.44723617E+00,-241.20603E-03
+17.12500E-03,-1.44723617E+00,-237.91920E-03
+17.15000E-03,-1.44723617E+00,-241.59843E-03
+17.17500E-03,-1.40703516E+00,-246.74420E-03
+17.20000E-03,-1.40703516E+00,-217.08542E-03
+17.22500E-03,-1.40578172E+00,-217.08542E-03
+17.25000E-03,-1.36683416E+00,-233.16583E-03
+17.27500E-03,-1.36683416E+00,-295.48678E-03
+17.30000E-03,-1.36683416E+00,-217.08542E-03
+17.32500E-03,-1.36683416E+00,-217.08542E-03
+17.35000E-03,-1.32663315E+00,-226.48319E-03
+17.37500E-03,-1.31894881E+00,-225.12563E-03
+17.40000E-03,-1.28643215E+00,-221.51672E-03
+17.42500E-03,-1.32306079E+00,-225.84010E-03
+17.45000E-03,-1.28643215E+00,-225.12563E-03
+17.47500E-03,-1.27160309E+00,-212.01104E-03
+17.50000E-03,-1.24623114E+00,-209.11661E-03
+17.52500E-03,-1.22014538E+00,-206.22218E-03
+17.55000E-03,-1.21764375E+00,-195.28754E-03
+17.57500E-03,-1.24337260E+00,-209.04522E-03
+17.60000E-03,-1.20603014E+00,-205.57909E-03
+17.62500E-03,-1.20603014E+00,-217.08542E-03
+17.65000E-03,-1.15975514E+00,-207.83043E-03
+17.67500E-03,-1.14528299E+00,-201.00502E-03
+17.70000E-03,-1.12562813E+00,-192.96482E-03
+17.72500E-03,-1.12562813E+00,-192.96482E-03
+17.75000E-03,-1.10186653E+00,-192.96482E-03
+17.77500E-03,-1.08542712E+00,-184.92462E-03
+17.80000E-03,-1.05773101E+00,-165.80598E-03
+17.82500E-03,-1.08542712E+00,-190.32003E-03
+17.85000E-03,-1.04522612E+00,-152.76382E-03
+17.87500E-03,-1.02074546E+00,-196.10889E-03
+17.90000E-03,-1.03521761E+00,-176.88442E-03
+17.92500E-03,-964.82411E-03,-184.03189E-03
+17.95000E-03,-983.75991E-03,-180.67158E-03
+17.97500E-03,-964.82411E-03,-168.84422E-03
+18.00000E-03,-964.82411E-03,-175.34860E-03
+18.02500E-03,-942.67286E-03,-176.88442E-03
+18.05000E-03,-924.62311E-03,-161.51954E-03
+18.07500E-03,-913.72856E-03,-152.76382E-03
+18.10000E-03,-884.42210E-03,-147.69048E-03
+18.12500E-03,-884.42210E-03,-152.69139E-03
+18.15000E-03,-870.31211E-03,-144.72362E-03
+18.17500E-03,-844.22110E-03,-152.76382E-03
+18.20000E-03,-806.87339E-03,-136.68342E-03
+18.22500E-03,-804.02009E-03,-136.68342E-03
+18.25000E-03,-804.02009E-03,-130.32390E-03
+18.27500E-03,-797.95135E-03,-128.64321E-03
+18.30000E-03,-763.81909E-03,-124.53504E-03
+18.32500E-03,-763.81909E-03,-120.60301E-03
+18.35000E-03,-723.61808E-03,-118.74617E-03
+18.37500E-03,-723.61808E-03,-112.56281E-03
+18.40000E-03,-683.41708E-03,-136.68342E-03
+18.42500E-03,-670.91743E-03,-109.52247E-03
+18.45000E-03,-656.44528E-03,-112.56281E-03
+18.47500E-03,-682.17413E-03,-112.31422E-03
+18.50000E-03,-618.73017E-03,-117.45999E-03
+18.52500E-03,-603.01507E-03,-98.48516E-03
+18.55000E-03,-603.01507E-03,-96.48241E-03
+18.57500E-03,-603.01507E-03,-96.48241E-03
+18.60000E-03,-569.61237E-03,-88.44221E-03
+18.62500E-03,-562.81406E-03,-88.44221E-03
+18.65000E-03,-584.96006E-03,-84.01301E-03
+18.67500E-03,-522.61306E-03,-81.11858E-03
+18.70000E-03,-522.61306E-03,-74.53967E-03
+18.72500E-03,-482.41206E-03,-75.32972E-03
+18.75000E-03,-482.41206E-03,-80.40201E-03
+18.77500E-03,-482.41206E-03,-72.36181E-03
+18.80000E-03,-442.21105E-03,-70.03699E-03
+18.82500E-03,-445.05910E-03,-64.89122E-03
+18.85000E-03,-419.33024E-03,-64.32161E-03
+18.87500E-03,-393.60139E-03,-64.32161E-03
+18.90000E-03,-402.01005E-03,-63.10891E-03
+18.92500E-03,-381.47440E-03,-60.38854E-03
+18.95000E-03,-361.80904E-03,-56.28141E-03
+18.97500E-03,-352.53009E-03,-54.42562E-03
+19.00000E-03,-338.05794E-03,-48.24121E-03
+19.02500E-03,-319.63028E-03,-72.36181E-03
+19.05000E-03,-293.90143E-03,-56.28141E-03
+19.07500E-03,-281.40703E-03,-50.88810E-03
+19.10000E-03,-281.40703E-03,-40.44854E-03
+19.12500E-03,-241.20603E-03,-37.05904E-03
+19.15000E-03,-241.20603E-03,-40.20100E-03
+19.17500E-03,-209.91132E-03,-40.20100E-03
+19.20000E-03,-222.28073E-03,-32.16080E-03
+19.22500E-03,-201.00502E-03,-25.48131E-03
+19.25000E-03,-160.80402E-03,-25.65432E-03
+19.27500E-03,-164.88451E-03,-28.54875E-03
+19.30000E-03,-160.80402E-03,-16.79802E-03
+19.32500E-03,-120.60301E-03,-18.25721E-03
+19.35000E-03,-95.24681E-03,-19.04936E-03
+19.37500E-03,-80.77466E-03,-16.08040E-03
+19.40000E-03,-80.40201E-03,-8.04020E-03
+19.42500E-03,-68.77265E-03,+0.0E+00
+19.45000E-03,-43.04380E-03,-7.47164E-03
+19.47500E-03,-40.20100E-03,+0.0E+00
+19.50000E-03,-8.41390E-03,+0.0E+00
+19.52500E-03,+0.0E+00,+0.0E+00
+19.55000E-03,+40.20100E-03,+3.93412E-03
+19.57500E-03,+5.19845E-03,+0.0E+00
+19.60000E-03,+71.12831E-03,+1.85474E-03
+19.62500E-03,+40.20100E-03,+11.33123E-03
+19.65000E-03,+42.18401E-03,+15.68380E-03
+19.67500E-03,+52.69015E-03,+16.08040E-03
+19.70000E-03,+93.64171E-03,+10.68814E-03
+19.72500E-03,+120.60301E-03,+16.32689E-03
+19.75000E-03,+104.89841E-03,+24.12060E-03
+19.77500E-03,+150.77976E-03,+24.12060E-03
+19.80000E-03,+160.80402E-03,+31.27122E-03
+19.82500E-03,+179.72407E-03,+28.37679E-03
+19.85000E-03,+201.00502E-03,+32.16080E-03
+19.87500E-03,+201.00502E-03,+38.66833E-03
+19.90000E-03,+219.07053E-03,+35.77390E-03
+19.92500E-03,+201.00502E-03,+40.20100E-03
+19.95000E-03,+241.20603E-03,+40.20100E-03
+19.97500E-03,+266.55698E-03,+43.17102E-03
+20.00000E-03,+281.40703E-03,+48.24121E-03
+20.02500E-03,+307.51379E-03,+53.87891E-03
+20.05000E-03,+309.97343E-03,+56.28141E-03
+20.07500E-03,+321.60804E-03,+56.28141E-03
+20.10000E-03,+338.91774E-03,+56.28141E-03
+20.12500E-03,+338.44634E-03,+56.28141E-03
+20.15000E-03,+361.80904E-03,+63.11101E-03
+20.17500E-03,+381.48490E-03,+68.25678E-03
+20.20000E-03,+402.01005E-03,+65.36235E-03
+20.22500E-03,+432.94260E-03,+70.50812E-03
+20.25000E-03,+418.47045E-03,+72.36181E-03
+20.27500E-03,+442.21105E-03,+72.75946E-03
+20.30000E-03,+482.41206E-03,+80.40201E-03
+20.32500E-03,+482.41206E-03,+80.40201E-03
+20.35000E-03,+483.63925E-03,+80.40201E-03
+20.37500E-03,+498.11141E-03,+88.44221E-03
+20.40000E-03,+522.61306E-03,+88.44221E-03
+20.42500E-03,+522.61306E-03,+88.44221E-03
+20.45000E-03,+562.81406E-03,+96.48241E-03
+20.47500E-03,+562.81406E-03,+95.11960E-03
+20.50000E-03,+595.35697E-03,+98.01403E-03
+20.52500E-03,+584.94432E-03,+96.48241E-03
+20.55000E-03,+603.01507E-03,+96.48241E-03
+20.57500E-03,+632.34252E-03,+104.52261E-03
+20.60000E-03,+643.21607E-03,+104.52261E-03
+20.62500E-03,+643.21607E-03,+112.56281E-03
+20.65000E-03,+683.41708E-03,+112.56281E-03
+20.67500E-03,+683.41708E-03,+120.60301E-03
+20.70000E-03,+720.78578E-03,+113.12927E-03
+20.72500E-03,+723.61808E-03,+120.60301E-03
+20.75000E-03,+755.39469E-03,+120.60301E-03
+20.77500E-03,+729.66583E-03,+127.43366E-03
+20.80000E-03,+763.81909E-03,+128.64321E-03
+20.82500E-03,+798.81114E-03,+128.64321E-03
+20.85000E-03,+804.02009E-03,+138.53606E-03
+20.87500E-03,+804.02009E-03,+133.39029E-03
+20.90000E-03,+842.22760E-03,+136.28472E-03
+20.92500E-03,+856.69975E-03,+136.68342E-03
+20.95000E-03,+884.42210E-03,+144.72362E-03
+20.97500E-03,+884.42210E-03,+144.72362E-03
+21.00000E-03,+900.11620E-03,+149.62500E-03
+21.02500E-03,+914.58835E-03,+144.72362E-03
+21.05000E-03,+924.62311E-03,+146.49858E-03
+21.07500E-03,+943.53266E-03,+152.76382E-03
+21.10000E-03,+924.62311E-03,+154.12768E-03
+21.12500E-03,+964.82411E-03,+154.29439E-03
+21.15000E-03,+986.94911E-03,+160.80402E-03
+21.17500E-03,+1.00502511E+00,+161.52479E-03
+21.20000E-03,+1.01589342E+00,+171.01788E-03
+21.22500E-03,+1.01988567E+00,+168.84422E-03
+21.25000E-03,+1.00541351E+00,+168.84422E-03
+21.27500E-03,+1.04522612E+00,+168.84422E-03
+21.30000E-03,+1.05687122E+00,+176.88442E-03
+21.32500E-03,+1.08260007E+00,+184.35921E-03
+21.35000E-03,+1.10832893E+00,+180.34426E-03
+21.37500E-03,+1.12562813E+00,+184.92462E-03
+21.40000E-03,+1.12562813E+00,+184.92462E-03
+21.42500E-03,+1.14531448E+00,+192.96482E-03
+21.45000E-03,+1.13084233E+00,+192.96482E-03
+21.47500E-03,+1.20603014E+00,+199.15343E-03
+21.50000E-03,+1.20603014E+00,+196.25900E-03
+21.52500E-03,+1.20603014E+00,+193.36457E-03
+21.55000E-03,+1.20603014E+00,+201.00502E-03
+21.57500E-03,+1.23297569E+00,+203.74304E-03
+21.60000E-03,+1.24623114E+00,+201.24836E-03
+21.62500E-03,+1.28643215E+00,+197.86725E-03
+21.65000E-03,+1.25627114E+00,+209.04522E-03
+21.67500E-03,+1.29086430E+00,+209.04522E-03
+21.70000E-03,+1.28643215E+00,+212.82608E-03
+21.72500E-03,+1.32663315E+00,+209.04522E-03
+21.75000E-03,+1.33428075E+00,+215.55590E-03
+21.77500E-03,+1.34471440E+00,+217.08542E-03
+21.80000E-03,+1.36683416E+00,+224.40381E-03
+21.82500E-03,+1.33749620E+00,+217.08542E-03
+21.85000E-03,+1.36683416E+00,+217.08542E-03
+21.87500E-03,+1.36683416E+00,+217.08542E-03
+21.90000E-03,+1.36683416E+00,+214.26972E-03
+21.92500E-03,+1.35518381E+00,+214.75535E-03
+21.95000E-03,+1.36401235E+00,+217.08542E-03
+21.97500E-03,+1.32663315E+00,+217.08542E-03
+22.00000E-03,+1.35839926E+00,+217.08542E-03
+22.02500E-03,+1.36079690E+00,+223.91818E-03
+22.05000E-03,+1.32663315E+00,+217.08542E-03
+22.07500E-03,+1.29165160E+00,+210.08911E-03
+22.10000E-03,+1.28643215E+00,+210.89576E-03
+22.12500E-03,+1.26270729E+00,+217.08542E-03
+22.15000E-03,+1.32462915E+00,+217.08542E-03
+22.17500E-03,+1.25869930E+00,+192.96482E-03
+22.20000E-03,+1.24623114E+00,+192.96482E-03
+22.22500E-03,+1.20603014E+00,+193.20711E-03
+22.25000E-03,+1.23054754E+00,+186.69138E-03
+22.27500E-03,+1.22614065E+00,+186.93367E-03
+22.30000E-03,+1.20603014E+00,+192.96482E-03
+22.32500E-03,+1.16342624E+00,+189.18501E-03
+22.35000E-03,+1.16582913E+00,+184.92462E-03
+22.37500E-03,+1.12562813E+00,+186.45309E-03
+22.40000E-03,+1.14371463E+00,+184.92462E-03
+22.42500E-03,+1.08904147E+00,+192.24195E-03
+22.45000E-03,+1.08542712E+00,+184.92462E-03
+22.47500E-03,+1.10029817E+00,+168.84422E-03
+22.50000E-03,+1.08502823E+00,+176.88442E-03
+22.52500E-03,+1.04522612E+00,+174.06977E-03
+22.55000E-03,+1.04522612E+00,+168.84422E-03
+22.57500E-03,+1.00784167E+00,+169.40753E-03
+22.60000E-03,+1.02793741E+00,+160.80402E-03
+22.62500E-03,+964.82411E-03,+160.80402E-03
+22.65000E-03,+998.99311E-03,+167.63782E-03
+22.67500E-03,+984.52096E-03,+160.80402E-03
+22.70000E-03,+929.84780E-03,+152.76382E-03
+22.72500E-03,+924.62311E-03,+138.53291E-03
+22.75000E-03,+924.62311E-03,+152.76382E-03
+22.77500E-03,+886.43135E-03,+128.64321E-03
+22.80000E-03,+884.42210E-03,+123.09559E-03
+22.82500E-03,+897.68805E-03,+128.64321E-03
+22.85000E-03,+844.22110E-03,+136.44217E-03
+22.87500E-03,+844.22110E-03,+136.68342E-03
+22.90000E-03,+844.22110E-03,+126.63312E-03
+22.92500E-03,+768.24074E-03,+127.75888E-03
+22.95000E-03,+822.91390E-03,+124.86445E-03
+22.97500E-03,+797.18505E-03,+127.27621E-03
+23.00000E-03,+796.38299E-03,+120.60301E-03
+23.02500E-03,+745.72734E-03,+120.60301E-03
+23.05000E-03,+723.61808E-03,+120.60301E-03
+23.07500E-03,+723.61808E-03,+114.73332E-03
+23.10000E-03,+723.61808E-03,+112.56281E-03
+23.12500E-03,+683.41708E-03,+104.60344E-03
+23.15000E-03,+669.34907E-03,+112.56281E-03
+23.17500E-03,+671.75623E-03,+104.52261E-03
+23.20000E-03,+643.21607E-03,+104.52261E-03
+23.22500E-03,+625.93262E-03,+104.52261E-03
+23.25000E-03,+603.01507E-03,+96.48241E-03
+23.27500E-03,+603.01507E-03,+89.64756E-03
+23.30000E-03,+583.31297E-03,+88.44221E-03
+23.32500E-03,+568.04401E-03,+88.44221E-03
+23.35000E-03,+562.81406E-03,+88.44221E-03
+23.37500E-03,+522.61306E-03,+28.86347E-03
+23.40000E-03,+522.61306E-03,+65.12741E-03
+23.42500E-03,+510.15540E-03,+5.54867E-03
+23.45000E-03,+482.41206E-03,+50.89544E-03
+23.47500E-03,+443.41201E-03,+48.48140E-03
+23.50000E-03,+457.88416E-03,+61.18699E-03
+23.52500E-03,+442.21105E-03,+70.35066E-03
+23.55000E-03,+437.79464E-03,+71.47853E-03
+23.57500E-03,+402.01005E-03,+64.32161E-03
+23.60000E-03,+402.01005E-03,+70.99375E-03
+23.62500E-03,+402.01005E-03,+57.80778E-03
+23.65000E-03,+361.80904E-03,+56.28141E-03
+23.67500E-03,+358.18420E-03,+56.28141E-03
+23.70000E-03,+361.80904E-03,+56.28141E-03
+23.72500E-03,+321.60804E-03,+53.30510E-03
+23.75000E-03,+281.81643E-03,+48.24121E-03
+23.77500E-03,+307.54528E-03,+48.24121E-03
+23.80000E-03,+252.87212E-03,+40.20100E-03
+23.82500E-03,+278.60098E-03,+40.76222E-03
+23.85000E-03,+241.20603E-03,+40.20100E-03
+23.87500E-03,+232.75538E-03,+41.89113E-03
+23.90000E-03,+207.02653E-03,+33.36511E-03
+23.92500E-03,+201.00502E-03,+32.16080E-03
+23.95000E-03,+195.76983E-03,+32.16080E-03
+23.97500E-03,+160.80402E-03,+32.16080E-03
+24.00000E-03,+144.31212E-03,+12.78202E-03
+24.02500E-03,+120.60301E-03,+8.04020E-03
+24.05000E-03,+148.35161E-03,+16.08040E-03
+24.07500E-03,+120.60301E-03,-2.65529E-03
+24.10000E-03,+80.40201E-03,+8.27934E-03
+24.12500E-03,+64.73415E-03,+8.04020E-03
+24.15000E-03,+50.26200E-03,+8.04020E-03
+24.17500E-03,+40.20100E-03,+882.23E-06
+24.20000E-03,+0.0E+00,+0.0E+00
+24.22500E-03,+0.0E+00,-6.67109E-03
+24.25000E-03,-32.57440E-03,+0.0E+00
+24.27500E-03,-22.09876E-03,+0.0E+00
+24.30000E-03,-40.20100E-03,-726.02E-06
+24.32500E-03,-69.55995E-03,+0.0E+00
+24.35000E-03,-80.40201E-03,-8.04020E-03
+24.37500E-03,-80.40201E-03,-8.04020E-03
+24.40000E-03,-54.25851E-03,-10.85170E-03
+24.42500E-03,-108.93167E-03,-18.41467E-03
+24.45000E-03,-158.00321E-03,-16.64056E-03
+24.47500E-03,-120.60301E-03,-24.12060E-03
+24.50000E-03,-160.80402E-03,-22.42942E-03
+24.52500E-03,-194.98876E-03,-30.95755E-03
+24.55000E-03,-180.51661E-03,-24.12060E-03
+24.57500E-03,-201.00502E-03,-31.11272E-03
+24.60000E-03,-231.97432E-03,-30.31446E-03
+24.62500E-03,-217.50217E-03,-36.90158E-03
+24.65000E-03,-241.20603E-03,-64.32161E-03
+24.67500E-03,-268.95987E-03,-45.75177E-03
+24.70000E-03,-281.40703E-03,-45.58487E-03
+24.72500E-03,-320.41758E-03,-40.20100E-03
+24.75000E-03,-321.60804E-03,-50.01636E-03
+24.77500E-03,-321.60804E-03,-48.24121E-03
+24.80000E-03,-357.40313E-03,-48.24121E-03
+24.82500E-03,-361.80904E-03,-52.01682E-03
+24.85000E-03,-361.80904E-03,-56.28141E-03
+24.87500E-03,-402.01005E-03,-54.75713E-03
+24.90000E-03,-402.01005E-03,-56.28141E-03
+24.92500E-03,-442.21105E-03,-64.32161E-03
+24.95000E-03,-453.04786E-03,-64.32161E-03
+24.97500E-03,-442.21105E-03,-64.32161E-03
